QueryId	SubjectId	%Identity	AlnLength	Mismatches	GapOpen	QStart	QEnd	SStart	SEnd	Evalue	Bitscore
A0A3A5SMW0_9BACE	A0A414GLC4_9BACE	100.00	59	0	0	1	59	1	59	2.640980e-26	125.95
A0A3A5SMW0_9BACE	A0A374QF73_9BACE	100.00	59	0	0	1	59	1	59	2.640980e-26	125.95
A0A3A5SMW0_9BACE	A0A414HGG4_BACT4	100.00	59	0	0	1	59	1	59	2.640980e-26	125.95
A0A3A5SMW0_9BACE	A0A016EV01_BACFG	100.00	59	0	0	1	59	1	59	2.640980e-26	125.95
A0A3A5SMW0_9BACE	A0A0E2TWW2_BACFG	100.00	59	0	0	1	59	1	59	2.640980e-26	125.95
A0A3A5SMW0_9BACE	A0A3A5SMW0_9BACE	100.00	59	0	0	1	59	1	59	2.640980e-26	125.95
A0A3A5SMW0_9BACE	A0A2K9GV32_BACFG	100.00	59	0	0	1	59	1	59	2.640980e-26	125.95
A0A3A5SMW0_9BACE	A0A414HE94_BACVU	100.00	59	0	0	1	59	1	59	2.640980e-26	125.95
A0A3A5SMW0_9BACE	A0A3E4G0D7_9BACE	100.00	59	0	0	1	59	1	59	2.640980e-26	125.95
A0A3A5SMW0_9BACE	S0F8A2_9BACE	89.83	59	6	0	1	59	1	59	3.946424e-22	112.08
A0A0C2E9Q6_ECOLX	I2WC84_ECOLX	100.00	69	0	0	1	69	1	69	7.854288e-30	137.89
A0A0C2E9Q6_ECOLX	A0A070FJ01_ECOLX	100.00	69	0	0	1	69	1	69	7.854288e-30	137.89
A0A0C2E9Q6_ECOLX	A0A4P8AIR4_ECOLX	100.00	69	0	0	1	69	1	69	7.854288e-30	137.89
A0A0C2E9Q6_ECOLX	I2WMQ6_ECOLX	100.00	69	0	0	1	69	1	69	7.854288e-30	137.89
A0A0C2E9Q6_ECOLX	A0A0C2E9Q6_ECOLX	100.00	69	0	0	1	69	1	69	7.854288e-30	137.89
A0A0C2E9Q6_ECOLX	A0A4P8BPJ0_ECOLX	100.00	69	0	0	1	69	1	69	7.854288e-30	137.89
A0A0C2E9Q6_ECOLX	K4XUG1_ECOLX	98.55	69	1	0	1	69	1	69	3.898043e-29	135.58
A0A0C2E9Q6_ECOLX	V8KTJ3_ECOLX	98.55	69	1	0	1	69	1	69	3.898043e-29	135.58
A0A0C2E9Q6_ECOLX	W1XE43_ECOLX	98.55	69	1	0	1	69	1	69	3.898043e-29	135.58
A0A0C2E9Q6_ECOLX	A0A0E0Y186_ECO1C	98.55	69	1	0	1	69	1	69	3.898043e-29	135.58
A0A1S1YBM1_9BACI	W7KM08_BACFI	100.00	71	0	0	1	71	1	71	1.800470e-29	136.73
A0A1S1YBM1_9BACI	A0A1S1YBM1_9BACI	100.00	71	0	0	1	71	1	71	1.800470e-29	136.73
A0A1I5ERG4_9BACT	A0A1I5ERG4_9BACT	100.00	65	0	0	1	65	1	65	4.488799e-27	128.64
A0A1I5ERG4_9BACT	A0A2D8C1Q1_9BACT	98.46	65	1	0	1	65	1	65	1.705742e-26	126.72
A0A2M6UF82_9BRAD	A0A2M6UF82_9BRAD	100.00	73	0	0	1	73	1	73	1.323577e-35	157.15
A0A2M6UF82_9BRAD	A0A4Y9LB96_9BRAD	97.26	73	2	0	1	73	1	73	8.579177e-35	154.45
A0A2M6UF82_9BRAD	A0A2S6M9B8_9BRAD	98.63	73	1	0	1	73	1	73	1.120475e-34	154.07
A0A2M6UF82_9BRAD	A0A4Y9PK06_9BRAD	97.26	73	2	0	1	73	1	73	1.120475e-34	154.07
A0A2M6UF82_9BRAD	A0A2U8P9I2_9BRAD	98.63	73	1	0	1	73	1	73	1.120475e-34	154.07
A0A2M6UF82_9BRAD	A0A2A6PSE3_9BRAD	95.89	73	3	0	1	73	1	73	7.262709e-34	151.37
A0A2M6UF82_9BRAD	A0A4Y6GAU4_9BRAD	91.78	73	6	0	1	73	1	73	1.369688e-32	147.13
A0A2M6UF82_9BRAD	A0A2U8PYY3_9BRAD	91.67	72	6	0	1	72	1	72	3.051346e-32	145.98
A0A2M6UF82_9BRAD	A0A4E0QBD0_9BRAD	95.59	68	3	0	1	68	26	93	2.583119e-31	142.89
A0A2M6UF82_9BRAD	A0A0S6UR69_9BRAD	95.59	68	3	0	1	68	26	93	2.583119e-31	142.89
X6KT00_9RHIZ	X6BZ53_9RHIZ	100.00	97	0	0	1	97	1	97	1.750587e-51	210.30
X6KT00_9RHIZ	X5YXM5_9RHIZ	100.00	97	0	0	1	97	1	97	1.750587e-51	210.30
X6KT00_9RHIZ	X6KT00_9RHIZ	100.00	97	0	0	1	97	1	97	1.750587e-51	210.30
X6KT00_9RHIZ	X5UPJ1_9RHIZ	100.00	97	0	0	1	97	1	97	1.750587e-51	210.30
X6KT00_9RHIZ	X6AVU3_9RHIZ	100.00	97	0	0	1	97	1	97	1.750587e-51	210.30
X6KT00_9RHIZ	X5VP79_9RHIZ	100.00	97	0	0	1	97	1	97	1.750587e-51	210.30
X6KT00_9RHIZ	X5X552_9RHIZ	100.00	97	0	0	1	97	1	97	1.750587e-51	210.30
X6KT00_9RHIZ	X6J896_9RHIZ	100.00	97	0	0	1	97	1	97	1.750587e-51	210.30
X6KT00_9RHIZ	X5YFR4_9RHIZ	100.00	97	0	0	1	97	1	97	1.750587e-51	210.30
X6KT00_9RHIZ	V7F0L5_9RHIZ	93.81	97	6	0	1	97	1	97	2.002929e-47	196.82
A0A372BIQ5_9GAMM	A0A372BIQ5_9GAMM	100.00	127	0	0	1	127	1	127	1.807660e-64	253.83
A0A372BIQ5_9GAMM	A0A2T5Q8Z7_9GAMM	98.43	127	2	0	1	127	1	127	1.998603e-63	250.37
A0A372BIQ5_9GAMM	D8JHV3_ACISD	98.43	127	2	0	1	127	1	127	1.998603e-63	250.37
A0A372BIQ5_9GAMM	A0A358GTB6_ACISP	98.43	127	2	0	1	127	1	127	1.998603e-63	250.37
A0A372BIQ5_9GAMM	A0A010IM05_9GAMM	97.64	127	3	0	1	127	1	127	7.594682e-63	248.44
A0A372BIQ5_9GAMM	A0A0R1BCP5_ACIPI	97.64	127	3	0	1	127	20	146	7.594682e-63	248.44
A0A372BIQ5_9GAMM	A0A255UIY9_9GAMM	97.64	127	3	0	1	127	1	127	7.594682e-63	248.44
A0A372BIQ5_9GAMM	A0A241Y6M3_ACIPI	97.64	127	3	0	1	127	1	127	7.594682e-63	248.44
A0A372BIQ5_9GAMM	A0A011JX81_9GAMM	97.64	127	3	0	1	127	1	127	7.594682e-63	248.44
A0A372BIQ5_9GAMM	F0KKN6_ACICP	97.64	127	3	0	1	127	1	127	7.594682e-63	248.44
A0A2P2CXB8_9LEPT	A0A2P2CXB8_9LEPT	100.00	158	0	0	1	158	1	158	1.402103e-82	314.31
A0A2P2CXB8_9LEPT	A0A2M9Y7T9_9LEPT	94.30	158	9	0	1	158	1	158	3.232377e-79	303.14
A0A2P2CXB8_9LEPT	A0A4R9FWD8_9LEPT	94.30	158	9	0	1	158	1	158	1.228302e-78	301.21
A0A2P2CXB8_9LEPT	I0XW95_9LEPT	93.04	158	11	0	1	158	1	158	6.095999e-78	298.90
A0A2P2CXB8_9LEPT	A0A2N0BRK6_9LEPT	93.67	158	10	0	1	158	1	158	1.039820e-77	298.13
A0A2P2CXB8_9LEPT	A0A4R9GVX6_9LEPT	93.04	158	11	0	1	158	1	158	1.039820e-77	298.13
A0A2P2CXB8_9LEPT	A0A2M9ZY33_9LEPT	93.04	158	11	0	1	158	1	158	1.039820e-77	298.13
A0A2P2CXB8_9LEPT	A0A4Z1AG19_9LEPT	93.04	158	11	0	1	158	1	158	6.739916e-77	295.43
A0A2P2CXB8_9LEPT	A0A2M9X9Z9_9LEPT	90.51	158	15	0	1	158	1	158	1.961015e-76	293.89
A0A2P2CXB8_9LEPT	A0A4R9JAP8_9LEPT	89.87	158	16	0	1	158	1	158	1.660099e-75	290.81
A0A353N819_9FIRM	A0A353N819_9FIRM	100.00	192	0	0	1	192	1	192	2.140394e-101	377.10
A0A2N7D0V5_9VIBR	A0A2N7D0V5_9VIBR	100.00	218	0	0	1	218	1	218	2.761273e-121	443.35
A0A2N7D0V5_9VIBR	A0A1J4QXW8_9VIBR	73.85	218	57	0	1	218	1	218	1.477799e-90	341.27
A0A2N7D0V5_9VIBR	A6CZN8_9VIBR	73.85	218	57	0	1	218	1	218	2.520743e-90	340.50
A0A2N7D0V5_9VIBR	A0A2C9PEQ0_9VIBR	73.85	218	57	0	1	218	1	218	2.520743e-90	340.50
A0A2N7D0V5_9VIBR	A0A084T440_9VIBR	73.85	218	57	0	1	218	2	219	2.520743e-90	340.50
A0A2N7D0V5_9VIBR	A0A2S9ZHP9_9VIBR	73.39	218	58	0	1	218	1	218	7.334240e-90	338.96
A0A2N7D0V5_9VIBR	A0A366AUV0_9VIBR	72.48	218	60	0	1	218	2	219	3.406885e-87	330.10
A0A2N7D0V5_9VIBR	F9RF40_VIBSN	70.18	218	65	0	1	218	1	218	3.406885e-87	330.10
A0A2N7D0V5_9VIBR	C3LLM9_VIBCM	72.48	218	60	0	1	218	2	219	4.449530e-87	329.72
A0A2N7D0V5_9VIBR	A0A4V1G7F4_9ENTR	67.43	218	71	0	1	218	1	218	3.648397e-81	310.07
A0A3Q8Z460_9RHIZ	A0A3Q8Z460_9RHIZ	100.00	174	0	0	1	174	1	174	6.682247e-94	352.06
A0A3Q8Z460_9RHIZ	A0A434YI57_9RHIZ	100.00	174	0	0	1	174	1	174	6.682247e-94	352.06
A0A3Q8Z460_9RHIZ	A0A435FPB5_9RHIZ	100.00	174	0	0	1	174	1	174	6.682247e-94	352.06
A0A3Q8Z460_9RHIZ	A0A440KAR3_9RHIZ	100.00	174	0	0	1	174	1	174	6.682247e-94	352.06
A0A3Q8Z460_9RHIZ	A0A436RSL6_9RHIZ	100.00	174	0	0	1	174	1	174	6.682247e-94	352.06
A0A3Q8Z460_9RHIZ	A0A436QNJ3_9RHIZ	100.00	174	0	0	1	174	1	174	6.682247e-94	352.06
A0A3Q8Z460_9RHIZ	A0A444KZ80_9RHIZ	100.00	174	0	0	1	174	1	174	6.682247e-94	352.06
A0A3Q8Z460_9RHIZ	A0A3S1MB59_9RHIZ	97.08	171	5	0	4	174	5	175	5.853934e-90	338.96
A0A3Q8Z460_9RHIZ	A0A439WJA1_9RHIZ	97.08	171	5	0	4	174	5	175	5.853934e-90	338.96
A0A3Q8Z460_9RHIZ	A0A3S2IER3_9RHIZ	97.08	171	5	0	4	174	5	175	5.853934e-90	338.96
A0A3M8EAI9_BREPA	A0A3M8EAI9_BREPA	100.00	203	0	0	1	203	1	203	2.042075e-110	407.14
A0A3M8EAI9_BREPA	A0A3D0IR35_9BACL	100.00	203	0	0	1	203	1	203	2.042075e-110	407.14
A0A3M8EAI9_BREPA	A0A4Y3PFV9_BREPA	99.50	202	1	0	2	203	1	202	1.323635e-109	404.45
A0A3M8EAI9_BREPA	A0A4S1FUL6_9RHIZ	96.02	176	7	0	28	203	1	176	8.067549e-91	342.04
A0A3M8EAI9_BREPA	A0A2R5F394_9BACL	77.34	203	46	0	1	203	1	203	6.392302e-88	332.41
A0A3M8EAI9_BREPA	A0A329MMM5_9BACL	77.34	203	46	0	1	203	1	203	2.056333e-86	327.41
A0A3M8EAI9_BREPA	F5LQ00_9BACL	75.37	203	50	0	1	203	1	203	7.814057e-86	325.48
A0A3M8EAI9_BREPA	A0A1R1BAV0_9BACL	75.86	203	49	0	1	203	1	203	1.332876e-85	324.71
A0A3M8EAI9_BREPA	A0A4Q2M232_9BACL	76.24	202	48	0	1	202	1	202	1.740790e-85	324.32
A0A3M8EAI9_BREPA	A0A4Y4HU80_9BACL	75.00	200	50	0	1	200	1	200	4.740625e-83	316.23
A0A3S5Y269_RHOH1	A0A3S5Y269_RHOH1	100.00	188	0	0	1	188	1	188	2.561944e-99	370.16
A0A3S5Y269_RHOH1	A0A2R3S4J8_RHOHA	99.47	188	1	0	1	188	1	188	1.660604e-98	367.47
A0A3S5Y269_RHOH1	A0A2I9DMS1_9NOCA	99.47	187	1	0	1	187	2	188	2.832561e-98	366.70
A0A3S5Y269_RHOH1	E9T2I9_RHOHA	98.94	188	2	0	1	188	2	189	4.831618e-98	365.93
A0A3S5Y269_RHOH1	A0A438BI74_9NOCA	75.53	188	43	1	1	188	1	185	9.175658e-73	281.95
A0A3S5Y269_RHOH1	A0A2T5KID8_9NOCA	74.59	185	47	0	1	185	1	185	1.014488e-71	278.49
A0A3S5Y269_RHOH1	A0A370FLL8_9NOCA	74.05	185	48	0	1	185	1	185	7.270309e-70	272.32
A0A3S5Y269_RHOH1	A0A0C1AX13_9NOCA	63.44	186	66	2	1	185	1	185	1.163419e-59	238.42
A0A3S5Y269_RHOH1	A0A0Q7NG75_9NOCA	60.56	180	69	2	1	180	1	178	4.734387e-53	216.47
A0A3S5Y269_RHOH1	A0A3M2KXW5_9NOCA	51.31	191	79	3	1	185	1	183	4.017205e-44	186.81
A0A316SW34_9BACT	A0A316SW34_9BACT	100.00	257	0	0	1	257	1	257	1.004912e-146	528.09
A0A316SW34_9BACT	A0A0B2JPR1_9BACT	63.04	257	95	0	1	257	1	257	3.400064e-86	327.02
A0A316SW34_9BACT	R5I491_9BACT	63.04	257	95	0	1	257	7	263	3.400064e-86	327.02
A0A316SW34_9BACT	G9S245_9BACT	61.36	264	88	2	1	257	1	257	1.687434e-85	324.71
A0A316SW34_9BACT	A0A495WH35_9BACT	61.36	264	88	2	1	257	1	257	1.687434e-85	324.71
A0A316SW34_9BACT	A0A316RBC4_9BACT	60.98	264	89	2	1	257	1	257	1.428499e-84	321.63
A0A316SW34_9BACT	R7DK40_9BACT	60.98	264	89	2	1	257	1	257	1.428499e-84	321.63
A0A316SW34_9BACT	A0A396NGY4_9BACT	60.98	264	89	2	1	257	1	257	1.428499e-84	321.63
A0A316SW34_9BACT	A0A3R6IZH2_9BACT	60.98	264	89	2	1	257	1	257	1.428499e-84	321.63
A0A316SW34_9BACT	R5Y5C9_9BACE	57.87	254	107	0	1	254	1	254	2.062748e-83	317.78
A0A3N8E7L0_9BURK	A0A3N8E7L0_9BURK	100.00	71	0	0	1	71	1	71	3.170766e-34	152.52
G7H356_9ACTN	G7H356_9ACTN	100.00	153	0	0	1	153	1	153	3.697458e-80	306.22
G7H356_9ACTN	A0A1Y2MRC5_PSEAH	73.20	153	41	0	1	153	53	205	2.578450e-57	230.34
G7H356_9ACTN	A0A4Y3XAZ1_9PSEU	73.20	153	41	0	1	153	53	205	2.578450e-57	230.34
G7H356_9ACTN	A0A1H1EXG1_9ACTN	74.51	153	38	1	1	153	53	204	7.502142e-57	228.79
G7H356_9ACTN	A0A1H1LMJ8_9MICO	71.90	153	42	1	1	153	53	204	8.294590e-56	225.33
G7H356_9ACTN	A0A1H4XRL1_TSUTY	64.71	153	54	0	1	153	53	205	5.388880e-47	196.05
G7H356_9ACTN	A0A3P8KTE5_TSUPA	63.40	153	56	0	1	153	53	205	2.047772e-46	194.13
G7H356_9ACTN	A0A138AXP3_9ACTN	63.40	153	56	0	1	153	53	205	1.016299e-45	191.82
G7H356_9ACTN	A0A2V2QDT5_9ACTN	55.56	153	68	0	1	153	48	200	5.576617e-44	186.04
G7H356_9ACTN	M3VDY5_9ACTN	59.21	152	62	0	1	152	48	199	6.816950e-42	179.10
W1V8Y5_9ACTO	W1V8Y5_9ACTO	100.00	221	0	0	1	221	1	221	7.366512e-122	445.28
W1V8Y5_9ACTO	A0A0E9E1F3_CHLTH	91.86	221	18	0	1	221	1	221	2.903518e-110	406.76
A0A3S8QJS6_9BACI	A0A3S8QJS6_9BACI	100.00	183	0	0	1	183	1	183	8.022303e-98	365.16
A0A3S8QJS6_9BACI	A0A2A8DP57_9BACI	98.91	183	2	0	1	183	1	183	2.334133e-97	363.61
A0A3S8QJS6_9BACI	Q3YN07_BACTK	98.91	183	2	0	1	183	1	183	2.334133e-97	363.61
A0A3S8QJS6_9BACI	R8R6I3_BACCE	98.91	183	2	0	1	183	1	183	2.334133e-97	363.61
A0A3S8QJS6_9BACI	A0A1M6RJG6_9BACI	98.36	183	3	0	1	183	1	183	5.199906e-97	362.46
A0A3S8QJS6_9BACI	R8PIX8_BACCE	98.36	183	3	0	1	183	1	183	5.199906e-97	362.46
A0A3S8QJS6_9BACI	A0A242WYX2_BACTU	98.36	183	3	0	1	183	1	183	6.791287e-97	362.07
A0A3S8QJS6_9BACI	D8HAP8_BACAI	98.36	183	3	0	1	183	1	183	1.158418e-96	361.30
A0A3S8QJS6_9BACI	A0A3P1TT36_BACAN	98.36	183	3	0	1	183	1	183	1.158418e-96	361.30
A0A3S8QJS6_9BACI	Q9RMV6_BACAN	98.36	183	3	0	1	183	1	183	1.158418e-96	361.30
A0A2W1B6A8_9CHLR	A0A2W1B6A8_9CHLR	100.00	295	0	0	1	295	1	295	2.021998e-167	597.05
A0A2W1B6A8_9CHLR	A0A2M7GGZ4_9PROT	55.87	281	124	0	14	294	17	297	9.612925e-85	322.40
A0A2R3IYY7_PSEAI	A0A2R3IYY7_PSEAI	100.00	186	0	0	1	186	1	186	3.098447e-97	363.23
A0A2R3IYY7_PSEAI	A0A4V0A5Q6_STREQ	100.00	186	0	0	1	186	1	186	3.098447e-97	363.23
A0A2R3IYY7_PSEAI	A0A086BUI2_PSEAI	99.46	186	1	0	1	186	1	186	1.177409e-96	361.30
A0A2R3IYY7_PSEAI	A0A431XJY5_PSEAI	99.46	186	1	0	1	186	1	186	1.177409e-96	361.30
A0A2R3IYY7_PSEAI	A6VEM2_PSEA7	99.46	186	1	0	1	186	1	186	2.008355e-96	360.53
A0A2R3IYY7_PSEAI	A0A485CBV9_PSEAI	97.31	186	5	0	1	186	1	186	2.900058e-95	356.68
A0A2R3IYY7_PSEAI	A0A2V2TH82_9PSED	96.77	186	6	0	1	186	1	186	8.437878e-95	355.14
A0A2R3IYY7_PSEAI	A0A335EUQ7_ACIBA	96.77	186	6	0	1	186	1	186	8.437878e-95	355.14
A0A2R3IYY7_PSEAI	A0A1C7BBI4_PSEAI	96.77	186	6	0	1	186	1	186	8.437878e-95	355.14
A0A2R3IYY7_PSEAI	W1MTS2_PSEAI	96.77	186	6	0	1	186	1	186	8.437878e-95	355.14
A0A2T1GJZ3_9CYAN	A0A2T1GJZ3_9CYAN	100.00	146	0	0	1	146	1	146	1.298622e-74	287.73
A0A2T1GJZ3_9CYAN	K9UGI5_CHAP6	93.15	146	10	0	1	146	1	146	3.310051e-70	273.09
A0A2T1GJZ3_9CYAN	A0A2T1BWT1_9CYAN	63.01	146	54	0	1	146	1	146	1.654231e-45	191.04
A0A2T1GJZ3_9CYAN	K9XRJ3_STAC7	60.96	146	57	0	1	146	1	146	1.310726e-42	181.41
A0A2T1GJZ3_9CYAN	A0A2W6YMN3_9CYAN	55.48	146	65	0	1	146	1	146	1.038550e-39	171.78
A0A2T1GJZ3_9CYAN	A0A3G9IWF1_9BACL	47.55	143	73	1	6	146	9	151	1.191013e-27	131.72
A0A2T1GJZ3_9CYAN	A0A2G2KK94_9PLAN	50.35	141	69	1	6	146	8	147	2.653301e-27	130.57
A0A2T1GJZ3_9CYAN	A0A2G7GGP1_9CHRO	45.32	139	73	1	11	146	14	152	5.003909e-26	126.33
A0A2T1GJZ3_9CYAN	A0A370QEN8_9FLAO	44.22	147	80	2	1	146	1	146	7.988869e-24	119.01
A0A2T1GJZ3_9CYAN	A0A2D9BAT2_9FLAO	42.36	144	81	2	1	143	1	143	7.477354e-22	112.46
A0A2E0UZ47_9CHLR	A0A2E0UZ47_9CHLR	100.00	155	0	0	1	155	1	155	3.867307e-85	322.78
A0A3A6H2P8_9FIRM	A0A3A6H2P8_9FIRM	100.00	483	0	0	1	483	1	483	5.643946e-284	984.94
A0A3A6H2P8_9FIRM	C5EMC2_9FIRM	98.96	483	5	0	1	483	8	490	1.301143e-280	973.77
A0A3A6H2P8_9FIRM	A0A413VMI5_9FIRM	80.95	483	92	0	1	483	1	483	5.736322e-228	798.89
A0A3A6H2P8_9FIRM	A0A3E2Y243_9FIRM	80.33	483	93	1	1	483	1	481	4.703503e-222	779.24
A0A3A6H2P8_9FIRM	A0A3E2WC76_9FIRM	80.33	483	93	1	1	483	1	481	1.047831e-221	778.09
A0A3A6H2P8_9FIRM	A0A0J9ESL6_9FIRM	47.28	569	183	11	1	482	1	539	6.103693e-129	469.93
A0A3A6H2P8_9FIRM	A0A3E2VQW8_9FIRM	46.54	578	174	11	1	482	1	539	1.662194e-126	461.84
A0A3A6H2P8_9FIRM	A0A0F0CN07_9CLOT	46.54	578	174	11	1	482	1	539	1.662194e-126	461.84
A0A3A6H2P8_9FIRM	G5HTH8_9FIRM	46.54	578	174	11	1	482	1	539	1.662194e-126	461.84
A0A3A6H2P8_9FIRM	A0A1C5RPW4_9CLOT	46.19	578	176	11	1	482	1	539	8.249385e-126	459.53
A0A1A6GBU8_ENTMU	A0A1A6GBU8_ENTMU	100.00	329	0	0	1	329	1	329	4.832120e-186	659.06
A0A1A6GBU8_ENTMU	A0A1L8ULL4_ENTMU	99.70	329	1	0	1	329	1	329	1.405932e-185	657.52
A0A1A6GBU8_ENTMU	A0A2T5DBQ6_ENTMU	99.70	329	1	0	1	329	1	329	2.398156e-185	656.75
A0A1A6GBU8_ENTMU	A0A1V2UM50_ENTMU	99.09	329	3	0	1	329	1	329	4.090635e-185	655.98
A0A1A6GBU8_ENTMU	V5XRZ4_ENTMU	98.48	329	5	0	1	329	1	329	2.651473e-184	653.28
A0A1A6GBU8_ENTMU	A0A022N4Z8_ENTMU	96.35	329	12	0	1	329	1	329	3.354121e-179	636.34
A0A1A6GBU8_ENTMU	A0A242JXN9_9ENTE	78.42	329	71	0	1	329	1	329	7.541844e-147	528.86
A0A1A6GBU8_ENTMU	A0A4S3PJ21_ENTHR	78.42	329	71	0	1	329	1	329	1.680148e-146	527.71
A0A1A6GBU8_ENTMU	A0A366UHF1_ENTHR	72.48	327	90	0	1	327	1	327	7.321832e-134	485.72
A0A1A6GBU8_ENTMU	A0A1V8XED3_ENTHR	72.48	327	90	0	1	327	1	327	2.782293e-133	483.80
A0A2U2SE67_9CHLR	A0A2U2SE67_9CHLR	100.00	183	0	0	1	183	1	183	1.668877e-103	384.03
A0A4P8R567_9MICO	A0A4P8R567_9MICO	100.00	69	0	0	1	69	1	69	4.449603e-33	148.67
A0A4P8R567_9MICO	A0A1G8AHE7_9MICO	92.75	69	5	0	1	69	1	69	1.211743e-30	140.58
A0A4P8R567_9MICO	A0A0Q6G8B1_9MICO	78.26	69	15	0	1	69	1	69	1.532858e-25	123.63
A0A4P8R567_9MICO	A0A4Z1E4Q3_9MICO	75.36	69	17	0	1	69	1	69	6.440132e-24	118.24
A0A4P8R567_9MICO	A0A2W1ZZK2_9MICO	76.81	69	16	0	1	69	1	69	8.411073e-24	117.86
A0A4P8R567_9MICO	D1BHC3_SANKS	71.01	69	20	0	1	69	1	69	1.434712e-23	117.09
A0A4P8R567_9MICO	A0A022LUK7_9MICO	76.81	69	16	0	1	69	1	69	2.447248e-23	116.32
A0A4P8R567_9MICO	A0A2W1QTJ6_9MICO	75.36	69	17	0	1	69	1	69	2.447248e-23	116.32
A0A4P8R567_9MICO	A0A0Q5K2I0_9MICO	76.81	69	16	0	1	69	1	69	2.447248e-23	116.32
A0A4P8R567_9MICO	A0A502C320_9MICO	76.81	69	16	0	1	69	1	69	2.447248e-23	116.32
A0A330LV61_9GAMM	A0A330LV61_9GAMM	100.00	360	0	0	1	360	1	360	1.132994e-204	721.08
A0A330LV61_9GAMM	A6F8P9_9GAMM	98.06	360	7	0	1	360	11	370	2.211173e-200	706.83
A0A330LV61_9GAMM	A0A2G2ISD7_9GAMM	97.78	360	8	0	1	360	1	360	8.402447e-200	704.90
A0A330LV61_9GAMM	A0A2G2IIW3_9GAMM	96.67	360	12	0	1	360	1	360	1.483171e-196	694.12
A0A330LV61_9GAMM	A0A137SPB6_9GAMM	92.78	360	25	1	1	360	1	359	5.109425e-189	669.08
A0A330LV61_9GAMM	A0A090IFB1_9GAMM	91.94	360	28	1	1	360	1	359	2.535781e-188	666.77
A0A330LV61_9GAMM	A0A2I0FGM1_9GAMM	91.94	360	28	1	1	360	1	359	5.649132e-188	665.61
A0A330LV61_9GAMM	A0A2N1A1N8_9GAMM	81.67	360	65	1	1	360	1	359	8.195254e-171	608.60
A0A330LV61_9GAMM	A1SYG1_PSYIN	82.50	360	62	1	1	360	1	359	2.636323e-169	603.59
A0A330LV61_9GAMM	A1SYG5_PSYIN	82.22	360	63	1	1	360	1	359	2.914796e-168	600.13
A0A495UYK3_9BACT	A0A495UYK3_9BACT	100.00	181	0	0	1	181	1	181	1.224137e-98	367.85
A0A495UYK3_9BACT	A0A0M4HJB6_9BACT	100.00	181	0	0	1	181	1	181	1.224137e-98	367.85
A0A495UYK3_9BACT	A0A0A7LLM5_9BACT	97.24	181	5	0	1	181	1	181	7.426586e-96	358.61
A0A495UYK3_9BACT	A0A428KAY8_9BACT	89.50	181	19	0	1	181	1	181	3.569965e-90	339.73
A0A495UYK3_9BACT	W8F689_9BACT	89.50	181	19	0	1	181	1	181	3.569965e-90	339.73
A0A495UYK3_9BACT	A0A428KL51_9BACT	90.56	180	17	0	1	180	1	180	7.953052e-90	338.58
A0A495UYK3_9BACT	A0A3R9U7C6_9BACT	88.95	181	20	0	1	181	1	181	2.313984e-89	337.04
A0A495UYK3_9BACT	A0A328BUY8_9BACT	87.85	181	22	0	1	181	1	181	1.958905e-88	333.95
A0A495UYK3_9BACT	A0A076HV44_9BACT	89.89	178	18	0	1	178	1	178	7.443830e-88	332.03
A0A495UYK3_9BACT	A0A2D0AG26_9BACT	86.52	178	24	0	1	178	1	178	5.520454e-83	315.85
A0A1E5AV33_ALIFS	A0A1E5AV33_ALIFS	100.00	451	0	0	1	451	1	451	6.713137e-255	888.26
A0A1E5AV33_ALIFS	Q5E798_ALIF1	99.56	451	2	0	1	451	1	451	5.683011e-254	885.17
A0A1E5AV33_ALIFS	A0A1B9PLE4_ALIFS	99.33	451	3	0	1	451	1	451	9.693749e-254	884.40
A0A1E5AV33_ALIFS	B5FAU6_ALIFM	99.33	451	3	0	1	451	1	451	9.693749e-254	884.40
A0A1E5AV33_ALIFS	A0A2S7XLD0_9GAMM	94.52	456	20	1	1	451	1	456	1.074258e-244	854.36
A0A1E5AV33_ALIFS	A0A2S7XAT5_9GAMM	94.24	451	26	0	1	451	1	451	3.125613e-244	852.82
A0A1E5AV33_ALIFS	A0A4Q5KHG0_9GAMM	94.46	451	25	0	1	451	1	451	5.331488e-244	852.05
A0A1E5AV33_ALIFS	A0A1B9NYQ8_ALILO	94.01	451	27	0	1	451	1	451	9.094141e-244	851.28
A0A1E5AV33_ALIFS	A0A4Q5KWD8_9GAMM	94.24	451	26	0	1	451	1	451	1.551225e-243	850.51
A0A1E5AV33_ALIFS	B6EGW1_ALISL	91.67	432	21	2	1	424	1	425	2.179669e-221	776.93
A0A2N2PR55_9CHLR	A0A2N2PR55_9CHLR	100.00	165	0	0	1	165	1	165	3.485089e-84	319.70
A0A2N2PR55_9CHLR	A0A3A0A107_9CHLR	55.21	163	72	1	1	163	1	162	3.414955e-39	170.24
F4XT47_9CYAN	A0A1D9G4Q5_9CYAN	100.00	103	0	0	1	103	1	103	2.684203e-50	206.45
F4XT47_9CYAN	F4XT47_9CYAN	100.00	103	0	0	1	103	1	103	2.684203e-50	206.45
F4XT47_9CYAN	A0A1U7N6T0_9CYAN	97.09	103	3	0	1	103	1	103	3.875981e-49	202.60
F4XT47_9CYAN	A0A1D8TXA1_9CYAN	97.09	103	3	0	1	103	1	103	3.875981e-49	202.60
A0A1A5QJ38_RHILI	A0A1A5QJ38_RHILI	100.00	281	0	0	1	281	1	281	2.134430e-158	567.00
A0A1A5QJ38_RHILI	A0A1B4YQB9_RHILI	94.31	281	16	0	1	281	1	281	8.988391e-149	535.03
A0A1A5QJ38_RHILI	A0A503TQI1_9RHIZ	93.59	281	18	0	1	281	1	281	2.615221e-148	533.49
A0A1A5QJ38_RHILI	A0A4S0UH31_9RHIZ	93.59	281	18	0	1	281	1	281	5.826105e-148	532.33
A0A1A5QJ38_RHILI	A0A4V3N2Z2_9RHIZ	93.59	281	18	0	1	281	1	281	5.826105e-148	532.33
A0A1A5QJ38_RHILI	A0A4S1HI34_9BACT	93.59	281	18	0	1	281	1	281	5.826105e-148	532.33
A0A1A5QJ38_RHILI	A0A4V3LB41_9RHIZ	93.59	281	18	0	1	281	1	281	5.826105e-148	532.33
A0A1A5QJ38_RHILI	A0A4S0P7J7_9RHIZ	93.59	281	18	0	1	281	1	281	5.826105e-148	532.33
A0A1A5QJ38_RHILI	A0A504G9V8_9RHIZ	92.53	281	21	0	1	281	1	281	4.932094e-147	529.25
A0A1A5QJ38_RHILI	A0A504H201_9RHIZ	92.53	281	21	0	1	281	1	281	4.932094e-147	529.25
H5TQP9_9ACTN	H5TQP9_9ACTN	100.00	304	0	0	1	304	1	304	6.273807e-164	585.49
H5TQP9_9ACTN	A0A1A0KSV6_9ACTN	98.03	304	6	0	1	304	1	304	2.467099e-160	573.55
H5TQP9_9ACTN	L7KRP9_9ACTN	93.75	304	18	1	1	304	1	303	1.185936e-154	554.67
H5TQP9_9ACTN	A0A1A0WYS8_9ACTN	88.16	304	36	0	1	304	1	304	3.128134e-147	530.02
H5TQP9_9ACTN	A0A1U2MIS5_9MYCO	87.83	304	37	0	1	304	1	304	6.968756e-147	528.86
H5TQP9_9ACTN	A0A1A0IWU0_9ACTN	87.83	304	37	0	1	304	1	304	5.899406e-146	525.78
H5TQP9_9ACTN	H5TZF2_9ACTN	87.83	304	37	0	1	304	1	304	1.006286e-145	525.01
H5TQP9_9ACTN	A0A259VL23_9ACTN	83.22	304	51	0	1	304	1	304	3.703732e-140	506.52
H5TQP9_9ACTN	H6MUI5_GORPV	83.22	304	51	0	1	304	1	304	3.703732e-140	506.52
H5TQP9_9ACTN	A0A3N4GUA4_9ACTN	81.91	304	55	0	1	304	1	304	4.094956e-139	503.06
A0A3Q8Y0W0_9RHIZ	A0A3Q8Y0W0_9RHIZ	100.00	326	0	0	1	326	1	326	3.674600e-178	632.87
A0A3Q8Y0W0_9RHIZ	A0A442LKJ0_9RHIZ	97.24	326	9	0	1	326	1	326	4.648380e-173	615.92
A0A3Q8Y0W0_9RHIZ	A0A3S4FM47_9RHIZ	97.24	326	9	0	1	326	1	326	7.928935e-173	615.15
A0A3Q8Y0W0_9RHIZ	A0A3S1JU22_9RHIZ	97.24	326	9	0	1	326	1	326	7.928935e-173	615.15
A0A3Q8Y0W0_9RHIZ	A0A4S0Y2P6_9RHIZ	97.24	326	9	0	1	326	1	326	7.928935e-173	615.15
A0A3Q8Y0W0_9RHIZ	A0A3S3CW58_9RHIZ	96.93	326	10	0	1	326	1	326	1.035551e-172	614.76
A0A3Q8Y0W0_9RHIZ	A0A440EX45_9RHIZ	96.63	326	11	0	1	326	1	326	2.306967e-172	613.61
A0A3Q8Y0W0_9RHIZ	A0A271L442_9RHIZ	96.93	326	10	0	1	326	1	326	3.935090e-172	612.84
A0A3Q8Y0W0_9RHIZ	A0A442YN78_9RHIZ	96.93	326	10	0	1	326	1	326	3.935090e-172	612.84
A0A3Q8Y0W0_9RHIZ	A0A440CYV3_9RHIZ	96.63	326	11	0	1	326	1	326	8.766465e-172	611.68
A0A0Q4IQX9_9SPHN	A0A0Q4IQX9_9SPHN	100.00	349	0	0	1	349	1	349	4.636152e-187	662.53
A0A0Q4IQX9_9SPHN	A0A0N1ELK2_9SPHN	84.90	351	50	2	1	349	12	361	2.029759e-158	567.38
A0A0Q4IQX9_9SPHN	A0A418YYR1_9SPHN	83.09	349	59	0	1	349	1	349	1.113766e-156	561.61
A0A0Q4IQX9_9SPHN	A0A2A3MR97_9SPHN	73.93	349	91	0	1	349	15	363	3.599519e-139	503.44
A0A0Q4IQX9_9SPHN	A0A2T5U8Y9_9SPHN	72.67	344	93	1	6	349	20	362	2.043931e-134	487.65
A0A0Q4IQX9_9SPHN	A0A0Q4JRW4_9SPHN	71.22	344	95	2	2	341	13	356	3.054251e-130	473.78
A0A0Q4IQX9_9SPHN	A0A0Q4FBT4_9SPHN	71.22	344	95	2	2	341	13	356	3.054251e-130	473.78
A0A0Q4IQX9_9SPHN	A0A0Q4K0G0_9SPHN	71.22	344	95	2	2	341	13	356	3.054251e-130	473.78
A0A0Q4IQX9_9SPHN	F6EZ81_SPHCR	70.06	344	100	1	6	349	20	360	6.368501e-128	466.08
A0A0Q4IQX9_9SPHN	A0A0Q8XF58_9SPHN	68.70	345	103	3	6	349	20	360	7.041203e-127	462.61
J1K3B4_9RHIZ	J1K3B4_9RHIZ	100.00	306	0	0	1	306	1	306	1.833151e-171	610.53
J1K3B4_9RHIZ	N6UJD6_9RHIZ	99.35	306	2	0	1	306	1	306	2.647064e-170	606.68
J1K3B4_9RHIZ	A0A024LP43_9RHIZ	99.35	306	2	0	1	306	1	306	2.647064e-170	606.68
J1K3B4_9RHIZ	A0A1T3BNL8_9RHIZ	98.37	306	5	0	1	306	1	306	8.515314e-169	601.67
J1K3B4_9RHIZ	E6YXH2_BARSR	98.37	306	5	0	1	306	1	306	1.452492e-168	600.90
J1K3B4_9RHIZ	A0A1S6WWD7_9RHIZ	97.39	306	8	0	1	306	1	306	3.577613e-167	596.27
J1K3B4_9RHIZ	N6VJS5_9RHIZ	97.06	306	9	0	1	306	1	306	2.318942e-166	593.58
J1K3B4_9RHIZ	N6VHM1_9RHIZ	96.73	306	10	0	1	306	1	306	6.747087e-166	592.04
J1K3B4_9RHIZ	N6VW76_BARVB	89.22	306	33	0	1	306	1	306	1.045766e-150	541.58
J1K3B4_9RHIZ	J1KI06_BARTA	89.87	306	31	0	1	306	1	306	1.045766e-150	541.58
A0A327KX69_9RHIZ	A0A327KX69_9RHIZ	100.00	51	0	0	1	51	1	51	6.021538e-19	101.29
A0A327KX69_9RHIZ	A0A357CKP8_9RHIZ	66.67	48	16	0	1	48	1	48	2.146646e-08	66.24
A0A327KX69_9RHIZ	A0A363TV16_9BRAD	74.42	43	11	0	1	43	1	43	2.803607e-08	65.85
A0A327KX69_9RHIZ	A0A4Q3NCY9_9BURK	76.92	39	9	0	7	45	6	44	1.065369e-07	63.93
A0A327KX69_9RHIZ	A0A4Q3T5K6_9BURK	76.92	39	9	0	7	45	6	44	1.065369e-07	63.93
A0A327KX69_9RHIZ	A0A4Q5PTR6_9BURK	71.79	39	11	0	8	46	7	45	6.905524e-07	61.23
A0A376DUQ3_9FLAO	A0A376DUQ3_9FLAO	100.00	228	0	0	1	228	1	228	1.932632e-125	457.22
A0A376DUQ3_9FLAO	A0A3G6NFN4_9FLAO	100.00	228	0	0	1	228	1	228	1.932632e-125	457.22
A0A376DUQ3_9FLAO	A0A220S8F9_9FLAO	81.39	231	40	1	1	228	1	231	1.102517e-104	388.27
A0A376DUQ3_9FLAO	A0A4Y4M4R2_9FLAO	79.82	228	46	0	1	228	1	228	1.490096e-101	377.87
A0A376DUQ3_9FLAO	A0A3D9BTX8_9FLAO	75.32	231	54	1	1	228	1	231	1.542007e-98	367.85
A0A376DUQ3_9FLAO	A0A3N0WD10_9FLAO	75.32	231	54	1	1	228	1	231	4.960467e-97	362.84
A0A376DUQ3_9FLAO	A0A0N0ZVL5_9FLAO	75.88	228	55	0	1	228	1	228	4.199288e-96	359.76
A0A376DUQ3_9FLAO	A0A077KKJ5_9FLAO	73.68	228	60	0	1	228	1	228	8.756048e-94	352.06
A0A376DUQ3_9FLAO	A0A085BA64_9FLAO	43.51	239	114	6	2	228	3	232	1.417514e-43	185.27
A0A0X8JE04_ACTRD	A0A0X8JE04_ACTRD	100.00	341	0	0	1	341	1	341	3.580923e-192	679.48
W9CU65_9ACTN	W9CU65_9ACTN	100.00	145	0	0	1	145	1	145	4.009238e-76	292.74
W9CU65_9ACTN	A0A062WTV3_9ACTN	76.74	172	12	1	1	144	1	172	4.597810e-64	252.68
W9CU65_9ACTN	W9CYL0_9ACTN	16.12	242	47	8	21	145	9	211	1.669790e+11	4.99
A0A0B4DNV1_9MICC	A0A0B4DNV1_9MICC	100.00	358	0	0	1	358	1	358	1.572179e-206	727.24
A0A0B4DNV1_9MICC	A0A2V5E031_9MICC	97.21	358	10	0	1	358	1	358	5.786554e-201	708.75
A0A0B4DNV1_9MICC	A0A365CYM2_9MICC	94.69	358	19	0	1	358	1	358	3.632883e-195	689.49
A0A0B4DNV1_9MICC	A0A0Q9MMA9_9MICC	94.41	358	20	0	1	358	1	358	1.802981e-194	687.18
A0A0B4DNV1_9MICC	A0A4R7L7Z7_9MICC	94.41	358	20	0	1	358	1	358	6.851320e-194	685.26
A0A0B4DNV1_9MICC	A0A4R7M0E4_9MICC	94.13	358	21	0	1	358	1	358	6.851320e-194	685.26
A0A416R937_9FIRM	A0A416R937_9FIRM	100.00	161	0	0	1	161	1	161	2.781868e-86	326.64
A0A416R937_9FIRM	A0A1C6BGZ4_9FIRM	94.41	161	9	0	1	161	1	161	9.260725e-82	311.61
A0A416R937_9FIRM	A0A1Y4LIQ1_9FIRM	91.93	161	13	0	1	161	1	161	3.519072e-81	309.69
A0A0B4DNV1_9MICC	A0A4Y6SWL6_9MICC	93.30	358	23	1	1	358	1	357	1.687539e-192	680.63
A0A416R937_9FIRM	A0A1Y4WEK8_9FIRM	92.55	161	12	0	1	161	1	161	1.132046e-79	304.68
A0A0B4DNV1_9MICC	A0A0Q9P0F7_9MICC	93.85	358	22	0	1	358	1	358	2.878505e-192	679.86
A0A416R937_9FIRM	A0A2P2FB10_9FIRM	91.93	161	13	0	1	161	1	161	4.301772e-79	302.75
A0A0B4DNV1_9MICC	A0A4Y6QQN1_9MICC	93.58	358	22	1	1	358	1	357	6.412641e-192	678.71
A0A0B4DNV1_9MICC	F0M885_PSEPM	89.75	361	34	1	1	358	1	361	1.998058e-185	657.14
A0A416R937_9FIRM	V2ZLY1_9FIRM	91.93	161	13	0	1	161	1	161	7.337712e-79	301.98
A0A416R937_9FIRM	F4X8Y0_9FIRM	90.68	161	15	0	1	161	1	161	2.788327e-78	300.06
A0A416R937_9FIRM	A0A1C5YA86_9FIRM	90.68	161	15	0	1	161	1	161	6.211745e-78	298.90
A0A416R937_9FIRM	A0A1C5M373_9CLOT	90.68	161	15	0	1	161	1	161	6.211745e-78	298.90
A0A416R937_9FIRM	A0A3A8Z591_9BACT	90.06	161	16	0	1	161	1	161	6.211745e-78	298.90
A0A1K2FCB7_PARPN	A0A1K2FCB7_PARPN	100.00	144	0	0	1	144	1	144	7.508950e-75	288.50
A0A1K2FCB7_PARPN	A0A2S9IM38_9RHIZ	92.36	144	11	0	1	144	541	684	5.568747e-70	272.32
A0A1K2FCB7_PARPN	A0A2R3J4T8_PSEAI	91.67	144	12	0	1	144	541	684	5.568747e-70	272.32
A0A1K2FCB7_PARPN	A0A159YYZ9_9RHOB	92.36	144	11	0	1	144	541	684	7.273009e-70	271.94
A0A1K2FCB7_PARPN	A0A502BP03_9RHIZ	93.06	144	10	0	1	144	541	684	1.240587e-69	271.17
A0A1K2FCB7_PARPN	A0A427KXP7_9CAUL	90.97	144	13	0	1	144	541	684	2.763741e-69	270.01
A0A1K2FCB7_PARPN	A0A1H8K7Y0_9RHOB	90.97	144	13	0	1	144	541	684	2.763741e-69	270.01
A0A1K2FCB7_PARPN	A0A0B1Q2H4_9RHIZ	90.28	144	14	0	1	144	541	684	4.714227e-69	269.24
A0A1K2FCB7_PARPN	A0A427JNQ8_OCHAN	90.28	144	14	0	1	144	541	684	8.041254e-69	268.47
A0A1K2FCB7_PARPN	A0A1G7VBX7_9RHIZ	91.67	144	12	0	1	144	541	684	1.050220e-68	268.08
A0A2T1F9S7_9CYAN	A0A2T1F9S7_9CYAN	100.00	45	0	0	1	45	1	45	9.378542e-16	90.51
A0A2T1F9S7_9CYAN	A0A2G4EVF8_9CYAN	100.00	45	0	0	1	45	1	45	9.378542e-16	90.51
A0A2T1F9S7_9CYAN	F5UD78_9CYAN	100.00	45	0	0	1	45	1	45	9.378542e-16	90.51
A0A2T1F9S7_9CYAN	A0A3D5GCI1_9CYAN	100.00	45	0	0	1	45	1	45	9.378542e-16	90.51
A0A2T1F9S7_9CYAN	A0A355CG98_9CYAN	100.00	45	0	0	1	45	1	45	9.378542e-16	90.51
A0A2T1F9S7_9CYAN	A0A2T1EXE1_9CYAN	100.00	45	0	0	1	45	1	45	9.378542e-16	90.51
A0A2T1F9S7_9CYAN	K9VC65_9CYAN	97.78	45	1	0	1	45	1	45	2.728738e-15	88.97
A0A2T1F9S7_9CYAN	A0A1C0VVV9_9CYAN	86.67	45	6	0	1	45	1	45	1.267547e-12	80.11
A0A2T1F9S7_9CYAN	D8G854_9CYAN	86.67	45	6	0	1	45	1	45	1.655468e-12	79.72
A0A2T1F9S7_9CYAN	A0A2T1DZQ5_9CYAN	84.44	45	7	0	1	45	1	45	4.077560e-11	75.10
A0A2X1QIL1_ECOLX	A0A2X1QIL1_ECOLX	100.00	173	0	0	1	173	1	173	3.086184e-91	343.20
A0A2X1QIL1_ECOLX	A0A029HGX1_ECOLX	64.71	255	8	2	1	173	76	330	4.477159e-74	286.19
A0A2X1QIL1_ECOLX	A0A029IK01_ECOLX	64.71	255	8	2	1	173	76	330	4.477159e-74	286.19
A0A2X1QIL1_ECOLX	A0A2X1NHN2_ECOLX	64.71	255	8	2	1	173	76	330	4.477159e-74	286.19
A0A2X1QIL1_ECOLX	A0A376P8R3_ECOLX	85.99	157	22	0	1	157	76	232	4.336482e-69	269.63
A0A2X1QIL1_ECOLX	A0A3U6KRY2_ECOLX	60.78	255	18	2	1	173	76	330	4.794542e-68	266.16
A0A2X1QIL1_ECOLX	A0A222QI48_ECOLX	54.90	255	33	1	1	173	76	330	5.676771e-61	242.66
A0A2X1QIL1_ECOLX	A0A3U7XEH6_ECOLX	54.90	255	33	1	1	173	76	330	5.676771e-61	242.66
A0A2X1QIL1_ECOLX	A0A376PJ78_ECOLX	54.90	255	33	1	1	173	76	330	5.676771e-61	242.66
A0A2X1QIL1_ECOLX	A0A3T5V5H5_9ESCH	54.51	255	34	1	1	173	76	330	1.651687e-60	241.12
F2GC66_ALTMD	S5ADC7_9ALTE	100.00	364	0	0	1	364	1	364	3.333135e-204	719.54
F2GC66_ALTMD	S5C9L4_9ALTE	100.00	364	0	0	1	364	1	364	3.333135e-204	719.54
F2GC66_ALTMD	F2GC66_ALTMD	100.00	364	0	0	1	364	1	364	3.333135e-204	719.54
F2GC66_ALTMD	A0A4Y6NRD5_9ALTE	99.11	336	3	0	29	364	1	336	4.525809e-185	655.98
F2GC66_ALTMD	A0A4Y6NG24_9ALTE	98.81	336	4	0	29	364	1	336	2.933544e-184	653.28
F2GC66_ALTMD	A0A1J0SRR8_9ALTE	98.81	336	4	0	29	364	1	336	3.831327e-184	652.90
F2GC66_ALTMD	K0D0M0_ALTMS	87.99	333	40	0	29	361	1	333	2.854579e-163	583.56
F2GC66_ALTMD	A0A3A9U9R3_9ALTE	85.84	332	47	0	29	360	1	332	1.015285e-160	575.09
F2GC66_ALTMD	A0A1J0RT88_9ALTE	86.19	333	46	0	29	361	1	333	1.326003e-160	574.70
F2GC66_ALTMD	A0A495US40_9ALTE	85.89	333	47	0	29	361	1	333	1.122529e-159	571.62
F0GY24_9FIRM	F0GY24_9FIRM	100.00	577	0	0	1	577	1	577	0.000000e+00	1163.67
F0GY24_9FIRM	A0A2N6UHT9_9FIRM	99.65	577	2	0	1	577	1	577	0.000000e+00	1161.75
F0GY24_9FIRM	B6WA88_9FIRM	98.27	577	10	0	1	577	1	577	0.000000e+00	1150.19
F0GY24_9FIRM	C7RI01_ANAPD	83.36	577	96	0	1	577	1	577	5.162438e-284	985.33
F0GY24_9FIRM	C2CF68_9FIRM	82.32	577	102	0	1	577	1	577	2.562091e-283	983.02
F0GY24_9FIRM	A0A133KHY5_9FIRM	82.32	577	102	0	1	577	1	577	7.454545e-283	981.47
F0GY24_9FIRM	A0A095ZIQ6_9FIRM	74.70	577	146	0	1	577	1	577	8.299511e-258	898.27
F0GY24_9FIRM	A0A2U1E5M4_9FIRM	74.35	577	148	0	1	577	1	577	3.486946e-256	892.88
F0GY24_9FIRM	A0A2P1G642_9FIRM	72.32	578	159	1	1	577	1	578	2.676060e-248	866.68
F0GY24_9FIRM	A0A1E9AID5_9FIRM	71.53	576	163	1	3	577	6	581	1.052328e-244	854.74
A0A421IJY7_ENTCL	A0A421IJY7_ENTCL	100.00	664	0	0	1	664	1	664	0.000000e+00	1330.47
A0A421IJY7_ENTCL	A0A0H3CPP8_ENTCC	99.55	664	3	0	1	664	1	664	0.000000e+00	1325.07
A0A421IJY7_ENTCL	A0A0F0TS89_ENTCL	99.40	664	4	0	1	664	1	664	0.000000e+00	1323.15
A0A421IJY7_ENTCL	A0A331J4W0_KLEPN	99.25	664	5	0	1	664	1	664	0.000000e+00	1320.84
A0A421IJY7_ENTCL	A0A1V3X151_9SPHI	90.06	664	66	0	1	664	1	664	0.000000e+00	1219.53
A0A421IJY7_ENTCL	A0A507XS86_9ENTR	89.76	664	68	0	1	664	1	664	0.000000e+00	1217.99
A0A421IJY7_ENTCL	A0A4Q2R8Y0_9ENTR	89.91	664	67	0	1	664	1	664	0.000000e+00	1217.60
A0A421IJY7_ENTCL	A0A4S2WUH1_9ENTR	89.91	664	67	0	1	664	1	664	0.000000e+00	1217.60
A0A421IJY7_ENTCL	A0A331WG18_KLEPN	89.76	664	68	0	1	664	1	664	0.000000e+00	1214.91
A0A421IJY7_ENTCL	A0A157UWT0_ENTCL	89.46	664	70	0	1	664	11	674	0.000000e+00	1212.98
A0A0P6REX3_9RHOB	A0A0P6REX3_9RHOB	100.00	75	0	0	1	75	1	75	3.703197e-33	149.06
A0A0P6REX3_9RHOB	A0A1J5LN92_9RHOB	100.00	75	0	0	1	75	1	75	3.703197e-33	149.06
A0A0P6REX3_9RHOB	A4ENV7_9RHOB	54.93	71	32	0	5	75	4	74	8.027792e-12	78.18
A0A1R4JV18_9SPHI	A0A1R4JV18_9SPHI	100.00	242	0	0	1	242	1	242	4.707142e-138	499.20
A0A1R4JV18_9SPHI	A0A2S9JSI8_9SPHI	85.12	242	36	0	1	242	1	242	2.594903e-120	440.27
A0A1R4JV18_9SPHI	A0A2S9J2Q8_9SPHI	85.12	242	36	0	1	242	1	242	5.780841e-120	439.11
A0A1R4JV18_9SPHI	A0A1I6QE49_9SPHI	85.95	242	34	0	1	242	1	242	7.550012e-120	438.73
A0A1R4JV18_9SPHI	A0A4U0NH06_9SPHI	84.23	241	38	0	2	242	4	244	2.056065e-117	430.64
A0A1R4JV18_9SPHI	A0A4U0H2T1_9SPHI	83.82	241	39	0	2	242	4	244	2.273246e-116	427.17
A0A1R4JV18_9SPHI	A0A239XY10_9SPHI	83.40	241	40	0	2	242	3	243	7.312782e-115	422.16
A0A1R4JV18_9SPHI	A0A235E0P9_9SPHI	82.99	241	41	0	2	242	3	243	9.550789e-115	421.78
A0A1R4JV18_9SPHI	A0A4U9K404_9SPHI	81.33	241	45	0	2	242	3	243	4.740007e-114	419.47
A0A1R4JV18_9SPHI	A0A4R6WCC2_9SPHI	78.42	241	52	0	2	242	4	244	3.755733e-111	409.84
A0A2W7BZP5_9CYAN	A0A2W7BZP5_9CYAN	100.00	215	0	0	1	215	1	215	3.932398e-120	439.50
A0A2W7BZP5_9CYAN	A0A1Z4RWA0_9CHRO	78.87	213	45	0	2	214	1	213	9.753461e-95	355.14
A0A2W7BZP5_9CYAN	A0A4P8WYZ8_9SYNE	79.02	205	43	0	11	215	6	210	1.839423e-93	350.90
A0A2W7BZP5_9CYAN	A0A1B1U258_9SYNE	79.02	205	43	0	11	215	6	210	1.839423e-93	350.90
A0A2W7BZP5_9CYAN	B1XPD8_SYNP2	79.02	205	43	0	11	215	6	210	2.402361e-93	350.52
A0A2W7BZP5_9CYAN	A0A1B1TM37_9SYNE	79.51	205	42	0	11	215	6	210	2.402361e-93	350.52
A0A2W7BZP5_9CYAN	A3INZ1_9CHRO	80.29	208	40	1	9	215	11	218	4.097807e-93	349.75
A0A2W7BZP5_9CYAN	A0A480APN1_9CYAN	80.19	207	41	0	9	215	10	216	5.351902e-93	349.36
A0A2W7BZP5_9CYAN	B1WYF2_CROS5	77.88	208	45	1	9	215	16	223	4.530657e-92	346.28
A0A2W7BZP5_9CYAN	A0A3M1L7F6_9CYAN	78.16	206	45	0	10	215	11	216	8.544449e-91	342.04
A1WEU2_VEREI	A1WEU2_VEREI	100.00	163	0	0	1	163	1	163	9.993942e-92	344.74
A0A2V5FDJ4_9MICC	A0A2V5FDJ4_9MICC	100.00	158	0	0	1	158	1	158	5.890777e-81	308.92
A0A2V5FDJ4_9MICC	A0A0A1D0X5_9MICC	93.63	157	9	1	1	157	1	156	1.315375e-72	281.18
A0A2V5FDJ4_9MICC	A0A2V5LZ74_9MICC	88.46	156	17	1	1	155	1	156	2.567112e-68	266.93
A0A2V5FDJ4_9MICC	A0A1H5E332_9MICC	87.18	156	15	1	1	156	1	151	2.838275e-67	263.46
A0A2V5FDJ4_9MICC	A0A2V5JND8_9MICC	86.54	156	16	1	1	156	1	151	1.839717e-66	260.77
A0A2V5FDJ4_9MICC	A0A2V3DPY2_9MICC	87.18	156	19	1	1	155	1	156	5.352756e-66	259.23
A0A2V5FDJ4_9MICC	A0A328M016_9BACI	80.47	169	20	2	1	157	1	168	3.836043e-64	253.06
A0A2V5FDJ4_9MICC	A0A2S3ZZK4_ARTGL	79.63	162	27	2	1	156	1	162	1.970133e-60	240.74
A0A2V5FDJ4_9MICC	A0A127A336_9MICC	71.32	136	22	2	15	150	20	138	2.048247e-41	177.56
A0A2V5FDJ4_9MICC	A0A221R6X2_9MICC	63.29	158	36	2	1	151	1	143	3.493780e-41	176.79
A0A1I5G8G0_9FIRM	A0A1I5G8G0_9FIRM	100.00	176	0	0	1	176	1	176	5.001002e-97	362.46
A0A1I5G8G0_9FIRM	A0A285SVD7_9FIRM	99.43	176	1	0	1	176	1	176	2.481972e-96	360.15
A0A1I5G8G0_9FIRM	A0A1H7IFC1_9FIRM	98.86	176	2	0	1	176	1	176	9.431482e-96	358.22
A0A1I5G8G0_9FIRM	A0A1H9YV29_9FIRM	98.86	176	2	0	1	176	1	176	2.101115e-95	357.07
A0A1I5G8G0_9FIRM	A0A1I3BJF7_9FIRM	85.23	176	26	0	1	176	1	176	2.039821e-82	313.92
A0A1I5G8G0_9FIRM	A0A1I6IGT0_9FIRM	84.09	176	28	0	1	176	1	176	2.039821e-82	313.92
A0A1I5G8G0_9FIRM	A0A2G3EE66_9FIRM	84.09	176	28	0	1	176	1	176	2.039821e-82	313.92
A0A1I5G8G0_9FIRM	A0A1G5AER2_9FIRM	84.09	176	28	0	1	176	1	176	2.039821e-82	313.92
A0A1I5G8G0_9FIRM	A0A1G6AQD0_9FIRM	85.80	176	25	0	1	176	1	176	1.322173e-81	311.23
A0A1I5G8G0_9FIRM	D4J3R7_BUTFI	86.82	129	17	0	48	176	1	129	2.866208e-60	240.35
A0A090R510_9GAMM	A0A090R510_9GAMM	100.00	141	0	0	1	141	1	141	5.825745e-72	278.87
A0A090R510_9GAMM	A0A0J1GR21_9GAMM	72.94	170	16	1	1	140	1	170	2.627218e-56	226.87
A0A090R510_9GAMM	A0A2T3NL87_9GAMM	58.42	190	28	1	1	139	1	190	1.444950e-46	194.51
A0A090R510_9GAMM	U4KBM7_9VIBR	78.05	123	27	0	1	123	1	123	3.219012e-46	193.36
A0A090R510_9GAMM	A0A2T3NZS2_9GAMM	60.00	190	25	1	1	139	1	190	3.219012e-46	193.36
A0A090R510_9GAMM	U4E2T3_9VIBR	77.24	123	28	0	1	123	1	123	5.490803e-46	192.59
A0A090R510_9GAMM	A0A2N0Y0K7_9VIBR	76.42	123	29	0	1	123	1	123	1.597579e-45	191.04
A0A090R510_9GAMM	A0A432D3W3_9VIBR	75.61	123	30	0	1	123	1	123	2.725057e-45	190.27
A0A090R510_9GAMM	A0A0B9G921_9GAMM	54.27	199	16	1	1	124	1	199	9.692178e-43	181.80
A0A090R510_9GAMM	A0A0C5WHE8_9GAMM	53.77	199	17	1	1	124	1	199	1.653235e-42	181.03
B0M9B5_ANACD	R6QLZ0_9FIRM	100.00	310	0	0	1	310	1	310	1.679689e-172	613.99
B0M9B5_ANACD	B0M9B5_ANACD	100.00	310	0	0	1	310	1	310	1.679689e-172	613.99
B0M9B5_ANACD	A0A374AKF8_9FIRM	92.26	310	24	0	1	310	1	310	1.742242e-161	577.40
B0M9B5_ANACD	A0A3E2ZS92_9CLOT	91.23	308	27	0	1	308	1	308	5.245745e-158	565.84
B0M9B5_ANACD	A0A4P8IHQ1_9FIRM	91.23	308	27	0	1	308	1	308	5.245745e-158	565.84
B0M9B5_ANACD	R5Z2A0_9FIRM	78.50	307	66	0	2	308	3	309	2.891819e-140	506.91
B0M9B5_ANACD	A0A415W956_9FIRM	78.50	307	66	0	2	308	3	309	2.891819e-140	506.91
B0M9B5_ANACD	A0A415YH90_9FIRM	78.50	307	66	0	2	308	3	309	2.891819e-140	506.91
B0M9B5_ANACD	A0A1Q6MEY5_9FIRM	78.50	307	66	0	2	308	3	309	3.776832e-140	506.52
B0M9B5_ANACD	A0A417JVT3_9FIRM	78.18	307	67	0	2	308	3	309	8.413904e-140	505.37
A0A3R6RU24_9CLOT	A0A3R6RU24_9CLOT	100.00	478	0	0	1	478	1	478	2.352142e-274	952.97
A0A3R6RU24_9CLOT	A0A1I0J3R0_9FIRM	99.58	478	2	0	1	478	1	478	2.600598e-273	949.50
A0A3R6RU24_9CLOT	A0A2T3FIH2_9FIRM	99.37	478	3	0	1	478	1	478	2.201538e-272	946.42
A0A3R6RU24_9CLOT	C0D8C0_9FIRM	96.86	478	15	0	1	478	1	478	6.204227e-267	928.32
A0A3R6RU24_9CLOT	A0A413FH54_9FIRM	96.86	478	15	0	1	478	1	478	6.204227e-267	928.32
A0A3R6RU24_9CLOT	N9XGQ8_9FIRM	86.19	478	66	0	1	478	1	478	6.051240e-238	832.02
A0A3R6RU24_9CLOT	R0AFY6_9FIRM	86.19	478	66	0	1	478	1	478	6.051240e-238	832.02
A0A3R6RU24_9CLOT	R5F3F1_9CLOT	86.19	478	66	0	1	478	1	478	6.051240e-238	832.02
A0A3R6RU24_9CLOT	A0A3E2UWZ6_9CLOT	86.19	478	66	0	1	478	1	478	6.051240e-238	832.02
A0A3R6RU24_9CLOT	A8RS77_CLOBW	85.98	478	67	0	1	478	1	478	2.299469e-237	830.09
B4U3L4_STREM	B4U3L4_STREM	100.00	228	0	0	1	228	1	228	5.818993e-122	445.66
B4U3L4_STREM	A0A380JTA7_9STRE	99.12	228	2	0	1	228	1	228	4.926073e-121	442.58
B4U3L4_STREM	A0A2X3V4J1_STRSZ	99.12	228	2	0	1	228	1	228	8.402609e-121	441.81
B4U3L4_STREM	A0A072EI28_9STRE	97.37	228	6	0	1	228	1	228	6.657785e-118	432.18
B4U3L4_STREM	A0A2X3U8Z7_STRSZ	95.18	228	11	0	1	228	1	228	2.797194e-116	426.79
B4U3L4_STREM	A0A0E1DRL7_STRSZ	93.86	228	14	0	1	228	1	228	2.618094e-114	420.24
B4U3L4_STREM	A0A3S4LHN0_9STRE	93.86	228	14	0	1	228	1	228	2.894642e-113	416.77
B4U3L4_STREM	A0A3S4SKW2_STRSZ	92.98	228	16	0	1	228	1	228	2.894642e-113	416.77
B4U3L4_STREM	A0A0D1BEJ4_STRSZ	92.98	228	16	0	1	228	1	228	1.876252e-112	414.08
B4U3L4_STREM	C0MDK6_STRS7	92.11	228	18	0	1	228	1	228	1.588343e-111	410.99
U2SD99_9ACTN	U2SD99_9ACTN	100.00	124	0	0	1	124	1	124	2.817803e-62	246.51
U2SD99_9ACTN	A0A3G5HXU5_9ACTN	100.00	122	0	0	3	124	1	122	5.314147e-61	242.28
U2SD99_9ACTN	A0A375I640_9ACTN	83.61	122	20	0	3	124	1	122	2.474248e-50	206.84
U2SD99_9ACTN	A0A383S7V0_9ACTN	84.43	122	19	0	3	124	1	122	2.474248e-50	206.84
U2SD99_9ACTN	A0A323V577_9ACTN	64.75	122	42	1	3	123	1	122	5.537677e-34	152.52
U2SD99_9ACTN	A0A285V4J1_9ACTN	63.11	122	44	1	3	123	1	122	3.968566e-32	146.36
U2SD99_9ACTN	A0A286GET0_9ACTN	63.11	122	44	1	3	123	1	122	6.769349e-32	145.59
U2SD99_9ACTN	A0A1G7BUR8_9ACTN	62.30	122	45	1	3	123	1	122	1.969579e-31	144.05
U2SD99_9ACTN	V6KM39_9ACTN	63.93	122	43	1	3	123	1	122	3.714465e-30	139.81
U2SD99_9ACTN	D1BBR0_SANKS	57.85	121	46	1	3	123	1	116	1.118395e-26	128.26
V8D1Q3_9ACTN	V8D1Q3_9ACTN	100.00	212	0	0	1	212	1	212	5.599138e-119	435.65
V8D1Q3_9ACTN	A0A495K9U6_9ACTN	99.06	212	2	0	1	212	1	212	6.190572e-118	432.18
V8D1Q3_9ACTN	A0A315TC92_9ACTN	98.58	212	3	0	1	212	1	212	2.352415e-117	430.25
V8D1Q3_9ACTN	A0A2G3PSD5_9ACTN	97.64	212	5	0	1	212	1	212	3.396880e-116	426.40
V8D1Q3_9ACTN	A0A2W6RI05_9ACTN	97.17	212	6	0	1	212	1	212	2.201794e-115	423.71
V8D1Q3_9ACTN	A0A076EJB9_RHOOP	82.55	212	37	0	1	212	1	212	7.115857e-98	365.54
V8D1Q3_9ACTN	A0A1X1BDG3_9ACTN	81.60	212	39	0	1	212	1	212	9.293597e-98	365.16
V8D1Q3_9ACTN	A0A1H5BQ70_9NOCA	81.13	212	40	0	1	212	1	212	2.070397e-97	364.00
V8D1Q3_9ACTN	A0A3D9R534_9NOCA	82.08	212	38	0	1	212	1	212	4.612364e-97	362.84
V8D1Q3_9ACTN	A0A0K2YK19_9NOCA	78.77	212	45	0	1	212	1	212	4.040628e-93	349.75
A0A0C4Y6V8_9BURK	A0A0C4Y6V8_9BURK	100.00	185	0	0	1	185	1	185	4.450093e-96	359.38
A0A0C4Y6V8_9BURK	H1S9Q2_9BURK	95.68	185	8	0	1	185	1	185	5.091562e-92	345.90
A0A0C4Y6V8_9BURK	A0A0F0FRE6_9BURK	94.59	185	9	1	1	185	1	184	1.061655e-89	338.19
A0A0C4Y6V8_9BURK	A0A069I8I1_9BURK	94.05	185	10	1	1	185	1	184	3.088944e-89	336.65
A0A0C4Y6V8_9BURK	A0A4R5IWU6_9BURK	82.01	189	25	2	1	185	1	184	9.646914e-75	288.50
A0A0C4Y6V8_9BURK	A0A1C3VC16_9BURK	81.77	192	27	4	1	185	1	191	9.646914e-75	288.50
A0A0C4Y6V8_9BURK	A0A375BG92_9BURK	81.77	192	27	4	1	185	1	191	1.645514e-74	287.73
A0A0C4Y6V8_9BURK	A0A375FMI5_9BURK	80.21	192	30	3	1	185	1	191	4.787714e-74	286.19
A0A0C4Y6V8_9BURK	A0A2W7NX34_9BURK	77.50	200	24	3	1	185	1	194	4.053043e-73	283.11
A0A0C4Y6V8_9BURK	A0A375BDR5_9BURK	77.50	200	24	3	1	185	1	194	4.053043e-73	283.11
A0A3W1G338_SALER	A0A3Y9EAK7_SALET	100.00	235	0	0	1	235	1	235	1.629532e-127	464.15
A0A3W1G338_SALER	A0A4Z8X3T3_SALMS	100.00	235	0	0	1	235	1	235	1.629532e-127	464.15
A0A3W1G338_SALER	A0A3W1G338_SALER	100.00	235	0	0	1	235	1	235	1.629532e-127	464.15
A0A3W1G338_SALER	A0A3Y5SES7_SALAN	100.00	235	0	0	1	235	1	235	1.629532e-127	464.15
A0A3W1G338_SALER	A0A3V2R5G4_SALER	99.57	235	1	0	1	235	1	235	6.192214e-127	462.23
A0A3W1G338_SALER	A0A3V0GRQ2_SALET	99.57	235	1	0	1	235	1	235	6.192214e-127	462.23
A0A3W1G338_SALER	A0A4U7SZE6_SALET	98.72	235	3	0	1	235	1	235	3.073164e-126	459.91
A0A3W1G338_SALER	A0A3V0I1S1_SALET	98.72	235	3	0	1	235	1	235	3.073164e-126	459.91
A0A3W1G338_SALER	A0A4Z9Q0D6_SALET	98.30	235	4	0	1	235	1	235	5.242023e-126	459.14
A0A3W1G338_SALER	A0A3Z7C028_SALET	89.36	235	25	0	1	235	1	235	1.211291e-114	421.39
A0A414FZX6_9ACTN	A0A414FZX6_9ACTN	100.00	177	0	0	1	177	1	177	4.257657e-96	359.38
A0A414FZX6_9ACTN	C4F808_9ACTN	99.44	177	1	0	1	177	1	177	9.485070e-96	358.22
A0A414FZX6_9ACTN	A0A416ZGL3_9ACTN	85.80	176	25	0	1	176	1	176	5.398455e-83	315.85
A0A414FZX6_9ACTN	B6GCW2_9ACTN	79.66	177	36	0	1	177	1	177	5.781148e-77	295.82
A0A414FZX6_9ACTN	A0A2V2C9S2_9ACTN	68.21	173	55	0	1	173	1	173	1.130880e-64	254.99
A0A414FZX6_9ACTN	A0A1Y4HKW9_9ACTN	71.10	173	50	0	1	173	1	173	2.785454e-63	250.37
A0A414FZX6_9ACTN	A0A1C5QGQ8_9ACTN	67.05	173	57	0	1	173	1	173	2.207047e-60	240.74
A0A414FZX6_9ACTN	A0A1Y3U8Y5_9ACTN	66.47	173	58	0	1	173	1	173	4.916789e-60	239.58
A0A414FZX6_9ACTN	R6ZFQ6_9ACTN	66.47	173	58	0	1	173	1	173	1.095346e-59	238.42
A0A414FZX6_9ACTN	R7D6F1_9ACTN	56.57	175	76	0	1	175	1	175	1.433888e-51	211.46
A0A2K8SGH7_9NOSO	A0A2K8SGH7_9NOSO	100.00	390	0	0	1	390	1	390	1.541911e-223	783.87
A0A2K8SGH7_9NOSO	A0A235IUT1_9NOSO	99.74	390	1	0	1	390	1	390	2.013799e-223	783.48
A0A2K8SGH7_9NOSO	A0A235HRM5_9NOSO	99.49	390	2	0	1	390	1	390	7.652427e-223	781.56
A0A2K8SGH7_9NOSO	A0A2L2N704_9NOSO	99.49	390	2	0	1	390	1	390	7.652427e-223	781.56
A0A2K8SGH7_9NOSO	A0A367RC36_9NOSO	98.72	390	5	0	1	390	1	390	1.105008e-221	777.70
A0A2K8SGH7_9NOSO	B2J4Y7_NOSP7	98.46	390	6	0	1	390	1	390	2.461701e-221	776.55
A0A2K8SGH7_9NOSO	A0A2L2NLQ1_9NOSO	97.69	390	9	0	1	390	1	390	3.554689e-220	772.70
A0A2K8SGH7_9NOSO	A0A1E2WRM4_9NOSO	97.69	390	9	0	1	390	1	390	7.919020e-220	771.54
A0A2K8SGH7_9NOSO	A0A235IJC7_9NOSO	97.44	390	10	0	1	390	1	390	1.034256e-219	771.16
A0A2K8SGH7_9NOSO	A0A2D0HKV0_9NOSO	97.18	390	11	0	1	390	1	390	2.304082e-219	770.00
A0A432NT30_9RHIZ	A0A432NT30_9RHIZ	100.00	314	0	0	1	314	1	314	3.305046e-184	652.90
A0A432NT30_9RHIZ	C6ATX6_RHILS	94.90	314	16	0	1	314	1	314	2.374055e-174	620.16
A0A432NT30_9RHIZ	A0A3S3W0S2_RHILE	94.90	314	16	0	1	314	1	314	2.374055e-174	620.16
A0A432NT30_9RHIZ	A0A2A6KFG5_9RHIZ	93.95	314	19	0	1	314	1	314	9.021400e-174	618.23
A0A432NT30_9RHIZ	A0A4Q8YNN0_RHILE	93.95	314	19	0	1	314	1	314	1.178231e-173	617.85
A0A432NT30_9RHIZ	A0A0A7KU92_RHILT	93.63	314	20	0	1	314	1	314	1.538818e-173	617.46
A0A432NT30_9RHIZ	A0A444IMN9_RHILE	93.63	314	20	0	1	314	1	314	1.538818e-173	617.46
A0A432NT30_9RHIZ	A0A2L1D242_RHILV	93.63	314	20	0	1	314	1	314	1.538818e-173	617.46
A0A432NT30_9RHIZ	A0A3S2URB4_9RHIZ	93.63	314	20	0	1	314	1	314	7.637073e-173	615.15
A0A432NT30_9RHIZ	A0A2A6HJW2_9RHIZ	93.31	314	21	0	1	314	1	314	6.465170e-172	612.07
A0A1X7FJ86_9ACTN	A0A1X7FJ86_9ACTN	100.00	205	0	0	1	205	1	205	4.449737e-105	389.42
A0A1X7FJ86_9ACTN	A0A1S9NLG9_STRAT	99.02	205	2	0	1	205	1	205	1.869507e-103	384.03
A0A1X7FJ86_9ACTN	A0A0T1TP71_9ACTN	93.17	205	14	0	1	205	1	205	8.411327e-96	358.61
A0A1X7FJ86_9ACTN	A0A0N1GPY7_9ACTN	92.68	205	15	0	1	205	1	205	1.098553e-95	358.22
A0A1X7FJ86_9ACTN	A0A1V9WKJ0_9ACTN	92.68	205	15	0	1	205	1	205	4.174498e-95	356.30
A0A1X7FJ86_9ACTN	A0A1M5XHQ0_9ACTN	92.20	205	16	0	1	205	1	205	7.120615e-95	355.53
A0A1X7FJ86_9ACTN	A0A2G7A342_9ACTN	92.20	205	16	0	1	205	1	205	7.120615e-95	355.53
A0A1X7FJ86_9ACTN	A0A0J7Z7E8_STRVR	93.50	200	13	0	6	205	5	204	2.991647e-93	350.13
A0A1X7FJ86_9ACTN	A0A3D9N9H2_9ACTN	93.00	200	14	0	6	205	5	204	6.664693e-93	348.98
A0A1X7FJ86_9ACTN	A0A2G7F7P0_9ACTN	93.00	200	14	0	6	205	5	204	6.664693e-93	348.98
A0A0G0X049_9BACT	A0A0G0X049_9BACT	100.00	148	0	0	1	148	1	148	3.954424e-79	302.75
A0A0G0X049_9BACT	A0A1G2VU10_9BACT	62.69	134	39	1	24	146	5	138	3.618343e-40	173.33
A0A0G0X049_9BACT	K2F730_9BACT	61.31	137	42	1	22	147	2	138	1.795765e-39	171.01
A0A0G0X049_9BACT	A0A2M7VAQ5_9BACT	60.58	137	43	1	22	147	2	138	1.163981e-38	168.32
A0A0G0X049_9BACT	A0A0H4TNX5_9BACT	61.36	132	40	1	24	144	4	135	5.776778e-38	166.01
A0A0G0X049_9BACT	A0A1F7YKN9_9BACT	61.36	132	40	1	24	144	4	135	5.776778e-38	166.01
A0A0G0X049_9BACT	A0A2M6WWK7_9BACT	51.61	155	61	2	7	147	14	168	9.853691e-38	165.24
A0A0G0X049_9BACT	A0A1G1XTJ6_9BACT	60.00	135	43	1	24	147	4	138	4.890336e-37	162.93
A0A147IPW8_9SPHN	A0A147IPW8_9SPHN	100.00	466	0	0	1	466	1	466	1.591705e-267	930.24
A0A147IPW8_9SPHN	A0A0Q4TRY8_9SPHN	99.36	466	3	0	1	466	1	466	2.298417e-266	926.39
A0A147IPW8_9SPHN	A0A1P8PVK9_9SPHN	99.36	466	3	0	1	466	1	466	2.298417e-266	926.39
A0A147IPW8_9SPHN	A0A1R1Z4K8_9SPHN	98.93	466	5	0	1	466	1	466	1.140693e-265	924.08
A0A147IPW8_9SPHN	A0A147HY90_9SPHN	98.92	463	5	0	4	466	16	478	1.067656e-263	917.53
A0A147IPW8_9SPHN	A0A0A1W2P7_9SPHN	98.70	462	6	0	5	466	1	462	4.057088e-263	915.61
A0A147IPW8_9SPHN	A0A147JBE2_9SPHN	98.27	463	8	0	4	466	16	478	2.629728e-262	912.91
A0A147IPW8_9SPHN	A0A147J2A3_9SPHN	98.06	463	9	0	4	466	16	478	6.477245e-261	908.29
A0A147IPW8_9SPHN	A0A411LGU1_SPHPI	94.41	465	26	0	2	466	36	500	4.496052e-254	885.56
A0A147IPW8_9SPHN	A0A430CNJ6_9SPHN	94.41	465	26	0	2	466	36	500	4.496052e-254	885.56
R7F539_9BACI	R7F539_9BACI	100.00	181	0	0	1	181	1	181	8.211053e-95	355.14
R7F539_9BACI	A0A316N772_9FIRM	98.90	181	2	0	1	181	1	181	3.120197e-94	353.21
R7F539_9BACI	R6SXC6_9CLOT	54.44	180	74	1	1	180	1	172	9.835338e-48	198.75
R7F539_9BACI	R6H1Z0_9FIRM	48.62	181	86	2	1	181	1	174	8.064496e-42	179.10
R7F539_9BACI	A0A1E8EWN2_9CLOT	45.70	186	84	4	1	181	1	174	1.923941e-35	157.92
R7F539_9BACI	A0A4T9ZXU8_9FIRM	44.75	181	95	2	1	181	1	176	9.548419e-35	155.61
R7F539_9BACI	A0A4T9WFK8_9FIRM	44.75	181	95	2	1	181	1	176	9.548419e-35	155.61
R7F539_9BACI	A0A1M5M5W4_9FIRM	45.95	185	89	5	1	181	1	178	3.628395e-34	153.68
R7F539_9BACI	E3PUJ2_ACESD	44.68	188	87	4	1	181	1	178	2.351857e-33	150.98
R7F539_9BACI	A0A1T5D7E9_9FIRM	44.68	188	87	4	1	181	1	178	2.351857e-33	150.98
A0A3V6KHF8_SALER	A0A3V6KHF8_SALER	100.00	184	0	0	1	184	1	184	6.828398e-97	362.07
A0A3V6KHF8_SALER	A0A401BFV4_SALET	100.00	184	0	0	1	184	1	184	6.828398e-97	362.07
A0A3V6KHF8_SALER	A0A3Y8Z2U7_SALET	97.83	184	4	0	1	184	1	184	3.746867e-95	356.30
A0A3V6KHF8_SALER	A0A3T9MW33_SALET	97.83	184	4	0	1	184	1	184	8.347148e-95	355.14
A0A3V6KHF8_SALER	A0A3Z1VBV6_SALTM	97.28	184	5	0	1	184	1	184	8.347148e-95	355.14
A0A3V6KHF8_SALER	A0A379SDZ4_SALER	85.16	182	27	0	3	184	1	182	4.916311e-79	302.75
A0A3V6KHF8_SALER	A0A3U7QH04_SALET	84.07	182	29	0	3	184	1	182	1.095240e-78	301.60
A0A3V6KHF8_SALER	A0A241PX87_SALET	84.07	182	29	0	3	184	1	182	1.095240e-78	301.60
A0A3V6KHF8_SALER	A0A3V1QF84_SALET	81.32	182	34	0	3	184	1	182	2.065533e-77	297.36
A0A3V6KHF8_SALER	A0A3U3WTA3_SALER	82.42	182	28	1	3	184	1	178	4.601527e-77	296.20
A0A3D2WAC4_9BACT	A0A3D2WAC4_9BACT	100.00	131	0	0	1	131	1	131	2.876657e-65	256.53
A0A3D2WAC4_9BACT	A0A2E7U3R9_9BACT	96.95	131	4	0	1	131	254	384	7.833885e-63	248.44
A0A3D2WAC4_9BACT	A0A3D2SXI6_9BACT	93.85	130	8	0	2	131	255	384	1.250700e-60	241.12
A0A3D2WAC4_9BACT	A0A349LJX4_9BACT	66.92	130	43	0	2	131	245	374	4.469031e-42	179.49
A0A3D2WAC4_9BACT	A0A2D8JFL1_9DELT	66.92	130	43	0	2	131	245	374	4.469031e-42	179.49
A0A3D2WAC4_9BACT	A0A351FHB0_9BACT	66.92	130	43	0	2	131	245	374	4.469031e-42	179.49
A0A3D2WAC4_9BACT	A0A2E8QTL3_9BACT	66.92	130	43	0	2	131	245	374	4.469031e-42	179.49
A0A3D2WAC4_9BACT	A0A2E6MJY7_9BACT	66.92	130	43	0	2	131	245	374	7.623012e-42	178.72
A0A3D2WAC4_9BACT	A0A3D2UFV4_9BACT	65.38	130	45	0	2	131	245	374	3.783261e-41	176.41
A0A3D2WAC4_9BACT	A0A3D5P6F0_9BACT	65.38	130	45	0	2	131	147	276	3.783261e-41	176.41
A0A377L329_9ENTE	A0A4D7IE10_9LACO	100.00	429	0	0	1	429	1	429	5.071415e-244	852.05
A0A377L329_9ENTE	A0A377L329_9ENTE	100.00	429	0	0	1	429	1	429	5.071415e-244	852.05
A0A377L329_9ENTE	A0A377KJ72_9ENTE	99.77	429	1	0	1	429	1	429	1.927136e-243	850.12
A0A3L7T5C6_9BACT	A0A3L7T5C6_9BACT	100.00	207	0	0	1	207	1	207	1.594371e-110	407.53
A0A3L7T5C6_9BACT	A0A3L7MV99_9BACT	98.07	207	4	0	1	207	1	207	5.128916e-109	402.52
A0A377L329_9ENTE	A0A367CI33_9ENTE	99.53	429	2	0	1	429	1	429	4.293211e-243	848.97
A0A377L329_9ENTE	A0A2S7MDM8_9ENTE	99.30	429	3	0	1	429	1	429	3.634421e-242	845.88
A0A377L329_9ENTE	A0A4U4EJH6_9ENTE	99.30	429	3	0	1	429	1	429	3.634421e-242	845.88
A0A377L329_9ENTE	A0A242JYS0_9ENTE	91.04	424	38	0	1	424	1	424	3.536589e-221	776.16
A0A377L329_9ENTE	A0A4S3PXJ9_ENTHR	91.04	424	38	0	1	424	1	424	3.536589e-221	776.16
A0A377L329_9ENTE	A0A2U2P5T6_ENTHR	89.86	424	43	0	1	424	1	424	1.940591e-219	770.38
A0A377L329_9ENTE	A0A179ETM3_ENTTH	89.62	424	44	0	1	424	1	424	7.142531e-214	751.90
A0A1F9SMG2_9BACT	A0A1F9SMG2_9BACT	100.00	312	0	0	1	312	1	312	1.431116e-171	610.91
A0A1F9SMG2_9BACT	A0A349PD58_9BACT	78.85	312	65	1	1	312	1	311	6.280132e-135	489.19
A0A1F9SMG2_9BACT	A0A1F9QL68_9BACT	76.75	314	70	2	1	311	1	314	1.600739e-130	474.55
A0A1F9SMG2_9BACT	A0A1F9RCV6_9BACT	72.38	315	81	3	1	312	1	312	7.962833e-122	445.66
A0A1F9SMG2_9BACT	A0A1F9TDR8_9BACT	65.41	318	93	9	1	307	1	312	4.542593e-101	376.71
A0A1F9SMG2_9BACT	A0A3D1A8Z6_9BACT	64.52	310	101	4	1	307	1	304	1.237066e-98	368.62
A0A1F9SMG2_9BACT	A0A1F9QDJ5_9BACT	63.87	310	98	7	1	302	1	304	8.018430e-98	365.93
A0A1F9SMG2_9BACT	A0A3C1JB46_9BACT	63.87	310	98	7	1	302	1	304	8.018430e-98	365.93
A0A1F9SMG2_9BACT	A0A2N2ES76_9BACT	63.09	317	99	8	1	309	1	307	8.865413e-97	362.46
A0A1F9SMG2_9BACT	A0A1F9S7T0_9BACT	62.50	312	106	7	1	307	1	306	3.153151e-94	353.98
A0A474QBT6_LISMN	A0A474QBT6_LISMN	100.00	300	0	0	1	300	1	300	1.864136e-160	573.93
A0A474QBT6_LISMN	A0A2A6AA29_LISMN	99.67	300	1	0	1	300	1	300	2.434637e-160	573.55
A0A474QBT6_LISMN	A0A3Q0NGW5_LISMG	99.67	300	1	0	1	300	1	300	2.434637e-160	573.55
A0A474QBT6_LISMN	A0A0E0UZF8_LISMM	99.67	300	1	0	1	300	1	300	2.434637e-160	573.55
A0A474QBT6_LISMN	A0A0H3GEA7_LISM4	99.67	300	1	0	1	300	1	300	2.434637e-160	573.55
A0A474QBT6_LISMN	A0A3T1U3U6_LISMN	99.67	300	1	0	1	300	1	300	2.434637e-160	573.55
A0A474QBT6_LISMN	Q8Y514_LISMO	99.67	300	1	0	1	300	1	300	2.434637e-160	573.55
A0A474QBT6_LISMN	A0A472ASG1_LISMN	99.67	300	1	0	1	300	1	300	2.434637e-160	573.55
A0A474QBT6_LISMN	A0A465C5R9_LISMN	99.33	300	2	0	1	300	1	300	7.083709e-160	572.01
A0A474QBT6_LISMN	A0A0B8R9X1_LISMN	99.33	300	2	0	1	300	14	313	9.251611e-160	571.62
A0A354A353_9BACT	A0A354A353_9BACT	100.00	136	0	0	1	136	1	136	4.756903e-71	275.79
A0A354A353_9BACT	A0A0S8ANW9_9BACT	89.71	136	14	0	1	136	1	136	1.482161e-64	254.22
A0A354A353_9BACT	A0A0S8D8Q0_9BACT	88.24	136	16	0	1	136	1	136	2.528184e-64	253.45
A0A354A353_9BACT	A0A2H6F0H8_9BACT	87.50	136	17	0	1	136	1	136	7.355889e-64	251.91
A0A354A353_9BACT	A0A3A4W9I8_9BACT	88.81	134	15	0	1	134	1	134	4.767948e-63	249.21
A0A354A353_9BACT	A0A419GXT5_9BACT	87.50	136	17	0	1	136	1	136	2.366308e-62	246.90
A0A354A353_9BACT	A0A2M7EFJ4_9BACT	85.07	134	20	0	1	134	1	134	7.612152e-61	241.89
A0A354A353_9BACT	A0A419GIA3_9BACT	83.70	135	22	0	1	135	1	135	7.612152e-61	241.89
A0A354A353_9BACT	A0A1G3XVM2_9BACT	83.58	134	22	0	1	134	1	134	2.214797e-60	240.35
A0A354A353_9BACT	A0A1G1G7E5_9BACT	82.84	134	23	0	1	134	1	134	1.874938e-59	237.27
A0A2S2CE21_9GAMM	A0A2S2CE21_9GAMM	100.00	429	0	0	1	429	1	429	7.340112e-235	821.62
A0A2S2CE21_9GAMM	A0A2T3I851_9GAMM	99.53	429	2	0	1	429	1	429	1.252033e-234	820.85
A0A2S2CE21_9GAMM	A0A1X9TY96_PHODD	99.30	429	3	0	1	429	1	429	6.213777e-234	818.53
A0A2S2CE21_9GAMM	A0A4S2JGS2_PHODD	100.00	425	0	0	5	429	1	425	1.171868e-232	814.30
A0A2S2CE21_9GAMM	A0A2S7VX41_PHOAN	94.17	429	25	0	1	429	1	429	2.616711e-224	786.56
A0A2S2CE21_9GAMM	A0A2T3KW98_PHOLD	93.47	429	28	0	1	429	1	429	2.215178e-223	783.48
A0A2S2CE21_9GAMM	A0A2T3LLA6_9GAMM	93.94	429	26	0	1	429	1	429	3.778522e-223	782.71
A0A2S2CE21_9GAMM	A0A2T3QK40_9GAMM	92.53	442	20	1	1	429	1	442	1.028990e-220	774.62
A0A2S2CE21_9GAMM	A0A2X1Y6Y5_9GAMM	92.47	438	20	1	5	429	1	438	1.642809e-218	767.30
A0A2S2CE21_9GAMM	D0YZV0_PHODD	92.38	433	20	1	10	429	1	433	7.631141e-216	758.44
A0A1V9G8T1_9BACT	A0A1V9G8T1_9BACT	100.00	371	0	0	1	371	1	371	5.229037e-213	748.81
A0A1V9G8T1_9BACT	A0A4R2WF61_9BACT	95.15	371	18	0	1	371	1	371	1.686029e-203	717.23
A0A1V9G8T1_9BACT	A0A4S8I1D6_9BACT	92.99	371	26	0	1	371	1	371	2.278736e-200	706.83
A0A1V9G8T1_9BACT	G8TLD4_NIAKG	92.72	371	27	0	1	371	1	371	1.477034e-199	704.13
A0A1V9G8T1_9BACT	A0A1V9ETG6_9BACT	92.72	371	27	0	1	371	1	371	1.477034e-199	704.13
A0A1V9G8T1_9BACT	A0A1V9EXI7_9BACT	92.72	371	27	0	1	371	1	371	1.929066e-199	703.75
A0A1V9G8T1_9BACT	A0A3B7MV56_9BACT	89.22	371	40	0	1	371	1	371	1.025254e-192	681.40
A0A1V9G8T1_9BACT	A0A4V2F132_9BACT	87.33	371	47	0	1	371	1	371	2.792033e-190	673.31
A0A1V9G8T1_9BACT	A0A162Q574_9BACT	87.60	371	46	0	1	371	1	371	8.981662e-189	668.31
A0A1V9G8T1_9BACT	A0A1M3HEF4_9SPHI	85.71	371	53	0	1	371	1	371	2.989958e-184	653.28
Q3JJL3_BURP1	Q3JJL3_BURP1	100.00	864	0	0	1	864	1	864	0.000000e+00	1724.91
A0A4R7V4M9_9PSEU	A0A4R7V4M9_9PSEU	100.00	522	0	0	1	522	1	522	0.000000e+00	1048.50
A0A4R7V4M9_9PSEU	A0A1W2ACU8_KIBAR	80.11	523	95	3	1	520	1	517	1.572875e-239	837.41
A0A4R7V4M9_9PSEU	A0A1V2PGF4_9PSEU	79.96	524	95	4	1	520	1	518	6.608258e-238	832.02
A0A4R7V4M9_9PSEU	A0A428ZF10_KIBAR	79.12	522	100	3	2	520	1	516	8.630652e-238	831.63
A0A4R7V4M9_9PSEU	A0A0K3BRC3_9PSEU	79.73	523	97	3	1	520	1	517	1.922709e-237	830.48
A0A4R7V4M9_9PSEU	A0A1I6FIH5_9PSEU	78.27	520	110	2	1	520	1	517	5.594226e-237	828.94
A0A4R7V4M9_9PSEU	A0A0N9IIT4_9PSEU	79.39	524	98	4	1	520	1	518	4.735796e-236	825.85
A0A4R7V4M9_9PSEU	A0A2T0SWT6_9PSEU	74.01	531	121	6	1	520	1	525	4.168049e-216	759.60
A0A4R7V4M9_9PSEU	W5W7C2_9PSEU	69.81	530	147	5	5	521	3	532	2.292395e-206	727.24
A0A4R7V4M9_9PSEU	A0A4T0V5H9_9ACTN	66.29	531	160	4	6	517	1	531	8.456969e-193	682.17
A0A4R9QZI7_9RHIZ	A0A4R9TVJ6_9BACT	100.00	310	0	0	1	310	1	310	5.057404e-169	602.44
A0A4R9QZI7_9RHIZ	A0A4S0RTF5_9RHIZ	100.00	310	0	0	1	310	1	310	5.057404e-169	602.44
A0A4R9QZI7_9RHIZ	A0A4S1M2C0_9RHIZ	100.00	310	0	0	1	310	1	310	5.057404e-169	602.44
A0A4R9QZI7_9RHIZ	A0A4R9TLV0_9RHIZ	100.00	310	0	0	1	310	1	310	5.057404e-169	602.44
A0A4R9QZI7_9RHIZ	A0A4S0YHY7_9BACT	100.00	310	0	0	1	310	1	310	5.057404e-169	602.44
A0A4R9QZI7_9RHIZ	A0A4V3NGJ7_9BACT	100.00	310	0	0	1	310	1	310	5.057404e-169	602.44
A0A4R9QZI7_9RHIZ	A0A4S0AZQ9_9RHIZ	100.00	310	0	0	1	310	1	310	5.057404e-169	602.44
A0A4R9QZI7_9RHIZ	A0A4R9QZI7_9RHIZ	100.00	310	0	0	1	310	1	310	5.057404e-169	602.44
A0A4R9QZI7_9RHIZ	A0A4R9V476_9BACT	100.00	310	0	0	1	310	1	310	5.057404e-169	602.44
A0A4R9QZI7_9RHIZ	A0A4S1BDH3_9BACT	100.00	310	0	0	1	310	1	310	5.057404e-169	602.44
A0A4Z4MV60_VIBPH	A0A4Z4MV60_VIBPH	100.00	500	0	0	1	500	1	500	2.454700e-282	979.55
A0A4Z4MV60_VIBPH	A0A4Z8GQH1_VIBPH	99.60	500	2	0	1	500	1	500	1.591090e-281	976.85
A0A4Z4MV60_VIBPH	A0A4Z3JA18_VIBPH	99.40	500	3	0	1	500	1	500	4.629364e-281	975.31
A0A4Z4MV60_VIBPH	A0A4Z4AFX0_VIBPH	99.40	500	3	0	1	500	1	500	4.629364e-281	975.31
A0A4Z4MV60_VIBPH	A0A4Z8N5N3_VIBPH	99.40	500	3	0	1	500	1	500	4.629364e-281	975.31
A0A4Z4MV60_VIBPH	A0A4Z6YFH0_VIBPH	99.40	500	3	0	1	500	1	500	4.629364e-281	975.31
A0A4Z4MV60_VIBPH	A0A4Z5WTD6_VIBPH	99.40	500	3	0	1	500	1	500	4.629364e-281	975.31
A0A4Z4MV60_VIBPH	A0A4Z7Z5R1_VIBPH	99.20	500	4	0	1	500	1	500	1.346939e-280	973.77
A0A4Z4MV60_VIBPH	A0A4Z2X7W8_VIBPH	99.20	500	4	0	1	500	1	500	1.346939e-280	973.77
A0A4Z4MV60_VIBPH	A0A4Z2ZVM5_VIBPH	99.20	500	4	0	1	500	1	500	1.759157e-280	973.39
A0A326KX64_9CAUL	A0A326KX64_9CAUL	100.00	688	0	0	1	688	1	688	0.000000e+00	1407.89
A0A326KX64_9CAUL	A0A1F8I7H4_9PROT	65.16	686	235	2	3	688	2	683	5.989863e-263	915.61
A0A326KX64_9CAUL	A0A3S4B8M5_9CAUL	65.16	686	235	2	3	688	2	683	5.989863e-263	915.61
A0A326KX64_9CAUL	A0A069IYR3_9CAUL	65.16	686	235	2	3	688	2	683	5.989863e-263	915.61
A0A326KX64_9CAUL	B4WD17_9CAUL	65.35	681	232	2	8	688	1	677	6.622570e-262	912.14
A0A326KX64_9CAUL	A0A2S8W559_9CAUL	64.94	696	228	3	1	688	1	688	5.606342e-261	909.06
A0A326KX64_9CAUL	A0A399ULA8_9CAUL	64.51	696	233	3	1	688	1	690	4.746053e-260	905.98
A0A326KX64_9CAUL	L1QLP2_BREDI	64.55	694	226	4	4	688	3	685	1.168994e-258	901.35
A0A326KX64_9CAUL	A0A4P7BME5_9CAUL	64.37	696	229	4	1	688	1	685	2.204626e-257	897.12
A0A326KX64_9CAUL	A0A3D5MG26_9CAUL	48.65	923	223	7	4	686	3	914	1.646399e-228	801.20
X6ECC0_9RHIZ	X6ECC0_9RHIZ	100.00	759	0	0	1	759	1	759	0.000000e+00	1501.88
X6ECC0_9RHIZ	X6FDL1_9RHIZ	99.34	759	5	0	1	759	1	759	0.000000e+00	1491.86
X6ECC0_9RHIZ	X6F1D7_9RHIZ	99.08	759	7	0	1	759	1	759	0.000000e+00	1491.86
X6ECC0_9RHIZ	A0A503DTZ4_9RHIZ	97.76	759	17	0	1	759	1	759	0.000000e+00	1471.45
X6ECC0_9RHIZ	A0A503JSR6_9RHIZ	97.76	759	17	0	1	759	1	759	0.000000e+00	1471.45
X6ECC0_9RHIZ	A0A502VRR3_9RHIZ	97.63	759	18	0	1	759	1	759	0.000000e+00	1471.06
X6ECC0_9RHIZ	A0A503TWK7_9RHIZ	97.63	759	18	0	1	759	1	759	0.000000e+00	1470.29
X6ECC0_9RHIZ	A0A503J5A7_9RHIZ	97.50	759	19	0	1	759	1	759	0.000000e+00	1470.29
X6ECC0_9RHIZ	A0A503DEN5_9RHIZ	97.50	759	19	0	1	759	1	759	0.000000e+00	1469.52
X6ECC0_9RHIZ	A0A503S457_9RHIZ	97.50	759	19	0	1	759	1	759	0.000000e+00	1468.75
A0A2V3X1I7_9BURK	A0A2V3X1I7_9BURK	100.00	903	0	0	1	903	1	903	0.000000e+00	1796.94
A0A2V3X1I7_9BURK	A0A4Q9R7N6_9PSED	90.83	905	81	1	1	903	1	905	0.000000e+00	1640.94
A0A2V3X1I7_9BURK	A0A2S7EPI6_9XANT	89.15	903	98	0	1	903	1	903	0.000000e+00	1618.21
A0A2V3X1I7_9BURK	A0A2K9LF63_9GAMM	88.51	905	102	1	1	903	1	905	0.000000e+00	1604.73
A0A2V3X1I7_9BURK	A0A1C2DZP2_9PSED	88.40	905	103	1	1	903	1	905	0.000000e+00	1596.64
A0A2V3X1I7_9BURK	A0A2N1YIE2_9GAMM	88.82	903	101	0	1	903	1	903	0.000000e+00	1592.79
A0A2V3X1I7_9BURK	A0A1G9BUA3_9PSED	87.26	903	115	0	1	903	1	903	0.000000e+00	1581.62
A0A2V3X1I7_9BURK	A0A323UZ27_9RHOO	87.65	899	109	1	1	897	1	899	0.000000e+00	1570.44
A0A2V3X1I7_9BURK	J4QTF0_9BURK	87.58	902	110	1	1	900	1	902	0.000000e+00	1567.75
A0A2V3X1I7_9BURK	A0A199NYR7_XANCT	86.19	905	122	2	1	903	1	904	0.000000e+00	1556.96
A0A2H5ZTM8_9BACT	A0A2H5ZTM8_9BACT	100.00	336	0	0	1	336	1	336	4.629680e-176	625.94
A0A2A6AWG2_9ALTE	A0A2A6AWG2_9ALTE	100.00	253	0	0	1	253	1	253	2.285940e-135	490.34
A0A2A6AWG2_9ALTE	A0A4Z6VVU8_VIBPH	62.65	249	93	0	5	253	2	250	3.829627e-82	313.54
A0A2A6AWG2_9ALTE	A0A4Z6HB93_VIBPH	61.85	249	95	0	5	253	2	250	2.482292e-81	310.84
A0A2A6AWG2_9ALTE	A0A4Z7J473_VIBPH	62.10	248	94	0	6	253	3	250	4.234149e-81	310.07
A0A2A6AWG2_9ALTE	A0A4Z3MX39_VIBPH	61.69	248	95	0	6	253	3	250	1.231949e-80	308.53
A0A2A6AWG2_9ALTE	A0A2A4VM85_9GAMM	59.27	248	101	0	6	253	3	250	3.034395e-79	303.91
A0A2A6AWG2_9ALTE	A0A0N1EHW8_9GAMM	60.64	249	93	1	5	253	2	245	1.079240e-76	295.43
A0A2A6AWG2_9ALTE	A0A1T5BT52_9SPHI	57.55	245	104	0	8	252	2	246	1.319281e-74	288.50
A0A2A6AWG2_9ALTE	A0A2K4X7I7_PSEVC	60.00	245	93	1	9	253	6	245	1.116838e-73	285.42
A0A2A6AWG2_9ALTE	A0A4Y3SI29_PSEVC	60.00	245	93	1	9	253	6	245	1.116838e-73	285.42
A0A2W5EK10_9SPHN	A0A2W5EK10_9SPHN	100.00	364	0	0	1	364	1	364	2.558017e-196	693.35
A0A2W5EK10_9SPHN	A0A4R2SVL8_9SPHN	70.75	359	105	0	1	359	84	442	3.078282e-133	483.80
A0A2W5EK10_9SPHN	A0A0Q4IMW8_9SPHN	70.47	359	106	0	1	359	84	442	3.078282e-133	483.80
A0A2W5EK10_9SPHN	A0A2T5UAP5_9SPHN	70.19	359	107	0	1	359	84	442	4.020360e-133	483.41
A0A2W5EK10_9SPHN	A0A4P7QXH1_9SPHN	70.47	359	106	0	1	359	117	475	6.857696e-133	482.64
A0A2W5EK10_9SPHN	A0A1I5FZZ4_9SPHN	69.64	359	109	0	1	359	84	442	1.527735e-132	481.49
A0A2W5EK10_9SPHN	A0A4R1UA38_9SPHN	69.08	359	111	0	1	359	84	442	4.914556e-131	476.48
A0A2W5EK10_9SPHN	A0A2V5B0G4_9SPHN	64.92	362	121	3	1	358	85	444	2.797134e-118	434.11
A0A2W5EK10_9SPHN	A0A0Q6AH38_9SPHN	62.85	358	133	0	1	358	96	453	5.275166e-117	429.87
A0A2W5EK10_9SPHN	A0A4R7D5Y1_9SPHN	62.57	358	134	0	1	358	85	442	1.696962e-115	424.86
A0A3D3S550_9GAMM	A0A3D3S550_9GAMM	100.00	854	0	0	1	854	1	854	0.000000e+00	1741.09
A0A3D3S550_9GAMM	A0A480BMN5_9GAMM	99.62	798	3	0	57	854	1	798	0.000000e+00	1621.29
A0A3D3S550_9GAMM	A0A1B1YSU1_9GAMM	80.94	855	162	1	1	854	1	855	0.000000e+00	1425.61
A0A3D3S550_9GAMM	A0A257SVX6_9GAMM	60.95	863	317	5	1	854	1	852	0.000000e+00	1063.91
A0A3D3S550_9GAMM	A0A2N2AFF1_9GAMM	60.63	856	331	3	1	854	1	852	0.000000e+00	1061.21
A0A3D3S550_9GAMM	A0A3N1Y2P5_9GAMM	61.00	864	316	6	1	854	1	853	0.000000e+00	1058.90
A0A3D3S550_9GAMM	A0A4R1HDT5_9GAMM	59.63	862	330	4	1	854	1	852	0.000000e+00	1053.51
A0A3D3S550_9GAMM	A0A4Z0LVS5_9GAMM	58.51	875	315	9	1	854	1	848	0.000000e+00	1026.54
A0A3D3S550_9GAMM	A0A2Z3R678_9GAMM	60.28	861	325	5	1	854	1	851	0.000000e+00	1024.62
A0A3D3S550_9GAMM	A0A363TDV5_9PROT	51.87	881	362	12	4	854	5	853	1.315465e-251	878.24
R1GML5_9GAMM	R1GML5_9GAMM	100.00	586	0	0	1	586	1	586	0.000000e+00	1145.95
R1GML5_9GAMM	A0A0F5ZUX5_9GAMM	98.98	586	6	0	1	586	1	586	0.000000e+00	1136.32
R1GML5_9GAMM	A0A128F2P0_9GAMM	89.68	591	48	2	1	586	1	583	0.000000e+00	1036.56
R1GML5_9GAMM	A0A128F2K6_9GAMM	88.38	585	60	1	1	585	1	577	0.000000e+00	1026.16
R1GML5_9GAMM	D0I998_GRIHO	83.76	585	84	1	1	585	1	574	2.520295e-278	966.45
R1GML5_9GAMM	A0A377J808_GRIHO	83.76	585	84	1	1	585	1	574	3.291607e-278	966.07
R1GML5_9GAMM	A0A1E5C5L4_9GAMM	81.07	581	98	1	1	569	1	581	1.386143e-268	934.09
R1GML5_9GAMM	A0A135IAW3_9GAMM	77.70	583	127	2	1	583	1	580	1.589634e-256	894.03
R1GML5_9GAMM	A0A2N7LBF1_9GAMM	77.91	575	127	0	1	575	2	576	1.345706e-255	890.95
R1GML5_9GAMM	A0A4U1Z4P2_9GAMM	77.91	575	127	0	1	575	2	576	3.915405e-255	889.41
I2QBT8_9BRAD	I2QBT8_9BRAD	100.00	1082	0	0	1	1082	1	1082	0.000000e+00	2153.25
I2QBT8_9BRAD	A0A2T2QMR2_9BRAD	96.40	1082	39	0	1	1082	1	1082	0.000000e+00	2071.20
I2QBT8_9BRAD	A0A1X3H4L3_9BRAD	95.56	1082	48	0	1	1082	1	1082	0.000000e+00	2059.26
I2QBT8_9BRAD	A0A160U5X4_BRASZ	95.47	1082	49	0	1	1082	1	1082	0.000000e+00	2055.41
I2QBT8_9BRAD	H5YFV4_9BRAD	95.38	1082	50	0	1	1082	1	1082	0.000000e+00	2045.78
I2QBT8_9BRAD	A0A1I3QVX9_9BRAD	92.33	1082	83	0	1	1082	1	1082	0.000000e+00	1993.39
I2QBT8_9BRAD	A0A0E3VW89_9BRAD	92.05	1082	86	0	1	1082	1	1082	0.000000e+00	1992.24
I2QBT8_9BRAD	A0A4Y3YK79_BRAJP	91.96	1082	87	0	1	1082	1	1082	0.000000e+00	1974.90
I2QBT8_9BRAD	G7DRI6_BRAJP	91.96	1082	87	0	1	1082	1	1082	0.000000e+00	1974.90
I2QBT8_9BRAD	A0A161JUF9_9BRAD	91.40	1082	93	0	1	1082	1	1082	0.000000e+00	1971.05
A0A0Q8FBH9_9CAUL	A0A0Q8FBH9_9CAUL	100.00	554	0	0	1	554	1	554	0.000000e+00	1135.94
A0A0Q8FBH9_9CAUL	A0A0Q7UY92_9CAUL	98.38	554	9	0	1	554	1	554	0.000000e+00	1118.99
A0A0Q8FBH9_9CAUL	A0A4R3H714_9CAUL	96.03	554	22	0	1	554	27	580	0.000000e+00	1102.43
A0A0Q8FBH9_9CAUL	A0A0Q7T482_9CAUL	96.39	554	20	0	1	554	1	554	0.000000e+00	1097.42
A0A0Q8FBH9_9CAUL	A0A1I3N891_9CAUL	95.85	554	23	0	1	554	1	554	0.000000e+00	1097.03
A0A0Q8FBH9_9CAUL	J2PRK5_9CAUL	95.67	554	24	0	1	554	1	554	0.000000e+00	1093.95
A0A0Q8FBH9_9CAUL	A0A0Q8FHH5_9CAUL	95.49	554	25	0	1	554	1	554	0.000000e+00	1092.03
A0A0Q8FBH9_9CAUL	HUTU_CAUSK	94.95	554	28	0	1	554	1	554	0.000000e+00	1081.63
A0A0Q8FBH9_9CAUL	A0A2T9JTF7_9CAUL	93.86	554	34	0	1	554	1	554	0.000000e+00	1075.46
A0A0Q8FBH9_9CAUL	A0A2G5QSS4_9CAUL	93.32	554	37	0	1	554	1	554	0.000000e+00	1069.30
A0A4V3YWQ5_9BURK	A0A4V3YWQ5_9BURK	100.00	546	0	0	1	546	1	546	0.000000e+00	1111.29
A0A4V3YWQ5_9BURK	A0A315AYC8_9BURK	77.80	545	121	0	1	545	1	545	4.309419e-256	892.49
A0A4V3YWQ5_9BURK	A0A315ADU1_9BURK	77.61	545	122	0	1	545	1	545	2.138742e-255	890.18
A0A4V3YWQ5_9BURK	A0A2W5JX83_VARPD	77.16	543	124	0	2	544	5	547	1.173567e-253	884.40
A0A4V3YWQ5_9BURK	A0A2T7U9H5_9BURK	77.06	545	125	0	1	545	1	545	1.173567e-253	884.40
A0A4V3YWQ5_9BURK	A0A0S9KX96_9BURK	76.98	543	125	0	2	544	5	547	3.414557e-253	882.86
A0A4V3YWQ5_9BURK	Q21ZQ4_RHOFT	77.45	541	122	0	4	544	3	543	1.214452e-250	874.39
A0A4V3YWQ5_9BURK	A0A0S9N3P6_9BURK	75.83	542	131	0	2	543	5	546	2.991298e-249	869.77
A0A4V3YWQ5_9BURK	A0A368Y9L9_9BURK	75.28	542	134	0	2	543	5	546	2.991298e-249	869.77
A0A4V3YWQ5_9BURK	A0A0Q4XR21_9BURK	75.09	542	135	0	2	543	5	546	9.622676e-248	864.76
A0A3B7DP09_RICJA	G4KMK3_RICJY	100.00	600	0	0	1	600	1	600	0.000000e+00	1181.39
A0A3B7DP09_RICJA	A0A3B7DP09_RICJA	100.00	600	0	0	1	600	1	600	0.000000e+00	1181.39
A0A3B7DP09_RICJA	G0GXF2_RICH0	99.67	600	2	0	1	600	1	600	0.000000e+00	1177.93
A0A3B7DP09_RICJA	A0A0F3RGS8_9RICK	99.50	600	3	0	1	600	1	600	0.000000e+00	1176.39
A0A3B7DP09_RICJA	H8LP79_RICSL	99.33	600	4	0	1	600	1	600	0.000000e+00	1174.46
A0A3B7DP09_RICJA	LEPA_RICCN	99.17	600	5	0	1	600	1	600	0.000000e+00	1172.53
A0A3B7DP09_RICJA	A0A0F3QND3_RICPA	99.00	600	6	0	1	600	1	600	0.000000e+00	1171.38
A0A3B7DP09_RICJA	Q7PBA0_RICS2	99.00	600	6	0	1	600	1	600	0.000000e+00	1171.38
A0A3B7DP09_RICJA	A0A0F3PE41_RICRH	99.00	600	6	0	1	600	1	600	0.000000e+00	1168.30
A0A3B7DP09_RICJA	H6QJY2_RICMA	99.00	600	6	0	1	600	1	600	0.000000e+00	1168.30
A0A4S2VF76_9ACTN	A0A4S2VF76_9ACTN	100.00	693	0	0	1	693	1	693	0.000000e+00	1394.79
A0A4S2VF76_9ACTN	A0A1U9NXG4_9ACTN	96.83	693	22	0	1	693	1	693	0.000000e+00	1356.27
A0A4S2VF76_9ACTN	A0A0N0SPJ5_9ACTN	96.68	693	23	0	1	693	1	693	0.000000e+00	1355.12
A0A4S2VF76_9ACTN	A0A429TYZ9_9ACTN	96.39	693	25	0	1	693	1	693	0.000000e+00	1352.81
A0A4S2VF76_9ACTN	A0A0F4IJ90_9ACTN	96.54	693	24	0	1	693	1	693	0.000000e+00	1352.81
A0A4S2VF76_9ACTN	A0A0M8V5D1_9ACTN	96.25	693	26	0	1	693	1	693	0.000000e+00	1350.50
A0A4S2VF76_9ACTN	A0A024YPW5_9ACTN	95.96	693	28	0	1	693	1	693	0.000000e+00	1342.41
A0A4S2VF76_9ACTN	A0A1L7GDT4_9ACTN	96.20	685	26	0	9	693	7	691	0.000000e+00	1335.86
A0A4S2VF76_9ACTN	A0A1S6LMD3_STRSQ	94.95	693	33	1	1	693	1	691	0.000000e+00	1332.78
A0A4S2VF76_9ACTN	A0A0F0HFJ1_9ACTN	95.91	685	28	0	9	693	7	691	0.000000e+00	1331.62
A0A3B8W4I3_9PORP	A0A3B8W4I3_9PORP	100.00	824	0	0	1	824	1	824	0.000000e+00	1614.74
A0A3B8W4I3_9PORP	A0A3R6Z7N0_9BACT	76.51	809	189	1	6	813	11	819	0.000000e+00	1251.88
A0A3B8W4I3_9PORP	A0A0J6C9G0_9BACT	76.02	809	193	1	6	813	11	819	0.000000e+00	1249.57
A0A3B8W4I3_9PORP	A0A496D2Q5_9BACT	75.90	809	194	1	6	813	11	819	0.000000e+00	1249.19
A0A3B8W4I3_9PORP	K5Z7V7_9BACT	75.90	809	194	1	6	813	10	818	0.000000e+00	1249.19
A0A3B8W4I3_9PORP	A0A0F5JQD9_9BACT	75.90	809	194	1	6	813	10	818	0.000000e+00	1249.19
A0A3B8W4I3_9PORP	S0GSB2_9BACT	75.90	809	194	1	6	813	6	814	0.000000e+00	1249.19
A0A3B8W4I3_9PORP	A0A413L975_9BACT	76.02	809	193	1	6	813	11	819	0.000000e+00	1248.80
A0A3B8W4I3_9PORP	A0A3R6SSA6_9BACT	75.80	814	196	1	1	813	6	819	0.000000e+00	1244.18
A0A3B8W4I3_9PORP	A0A3D8HD69_9BACT	75.80	814	196	1	1	813	6	819	0.000000e+00	1244.18
A0A503B702_9RHIZ	A0A503B702_9RHIZ	100.00	816	0	0	1	816	1	816	0.000000e+00	1638.24
A0A503B702_9RHIZ	A0A503EHG4_9RHIZ	99.88	816	1	0	1	816	1	816	0.000000e+00	1634.77
A0A503B702_9RHIZ	A0A503DD78_9RHIZ	99.88	816	1	0	1	816	1	816	0.000000e+00	1634.77
A0A503B702_9RHIZ	A0A503FFU0_9RHIZ	99.88	816	1	0	1	816	1	816	0.000000e+00	1634.77
A0A503B702_9RHIZ	A0A503C2V9_9RHIZ	99.88	816	1	0	1	816	1	816	0.000000e+00	1634.77
A0A503B702_9RHIZ	A0A504EWA3_9RHIZ	99.88	816	1	0	1	816	1	816	0.000000e+00	1634.77
A0A503B702_9RHIZ	A0A503AHW1_9RHIZ	99.88	816	1	0	1	816	1	816	0.000000e+00	1634.77
A0A503B702_9RHIZ	A0A503G2F6_9RHIZ	99.88	816	1	0	1	816	1	816	0.000000e+00	1634.77
A0A503B702_9RHIZ	A0A503CLC3_9RHIZ	99.88	816	1	0	1	816	1	816	0.000000e+00	1634.77
A0A503B702_9RHIZ	A0A504GUB3_9RHIZ	99.88	816	1	0	1	816	1	816	0.000000e+00	1634.77
A0A0T9LDG0_YERKR	A0A0T9LDG0_YERKR	100.00	905	0	0	1	905	1	905	0.000000e+00	1768.82
A0A0T9LDG0_YERKR	A0A0T9PAI7_YERKR	99.56	905	4	0	1	905	1	905	0.000000e+00	1763.04
A0A0T9LDG0_YERKR	A0A2A7T746_YERKR	99.45	905	5	0	1	905	1	905	0.000000e+00	1760.73
A0A0T9LDG0_YERKR	A0A0B6FNR3_YERFR	99.22	901	7	0	1	901	1	901	0.000000e+00	1748.79
A0A0T9LDG0_YERKR	A0A0T9TKD1_YERIN	98.89	903	10	0	1	903	1	903	0.000000e+00	1745.33
A0A0T9LDG0_YERKR	A0A0E8GKW9_YEREN	98.89	903	10	0	1	903	1	903	0.000000e+00	1745.33
A0A0T9LDG0_YERKR	A0A0T9NL74_YERKR	99.00	901	9	0	1	901	1	901	0.000000e+00	1744.94
A0A0T9LDG0_YERKR	A0A2R9T436_YEREN	98.78	903	11	0	1	903	1	903	0.000000e+00	1743.78
A0A0T9LDG0_YERKR	A0A3S4G8X6_YEREN	98.78	903	11	0	1	903	1	903	0.000000e+00	1743.78
A0A0T9LDG0_YERKR	A0A4U9JA19_YEREN	98.78	903	11	0	1	903	1	903	0.000000e+00	1742.24
A0A412KWL3_9FIRM	A0A412KWL3_9FIRM	100.00	872	0	0	1	872	1	872	0.000000e+00	1734.92
A0A412KWL3_9FIRM	A0A415RF82_9FIRM	100.00	872	0	0	1	872	1	872	0.000000e+00	1734.92
A0A412KWL3_9FIRM	A0A414NUE3_9FIRM	94.34	884	34	2	1	871	1	881	0.000000e+00	1655.96
A0A412KWL3_9FIRM	C9KNJ5_9FIRM	94.78	881	36	2	1	871	1	881	0.000000e+00	1655.19
A0A412KWL3_9FIRM	A0A173W7I8_9FIRM	94.54	879	37	2	4	871	1	879	0.000000e+00	1647.48
A0A412KWL3_9FIRM	A0A1I6Z5V7_SELRU	90.37	872	80	1	4	871	1	872	0.000000e+00	1587.78
A0A412KWL3_9FIRM	A0A1I3CRL4_SELRU	90.25	872	80	2	4	871	1	871	0.000000e+00	1582.00
A0A412KWL3_9FIRM	A0A1G7X431_SELRU	89.00	873	91	1	4	871	1	873	0.000000e+00	1567.36
A0A412KWL3_9FIRM	A0A1M6R0X5_SELRU	87.59	870	103	2	4	871	1	867	0.000000e+00	1530.38
A0A412KWL3_9FIRM	I0GT41_SELRL	87.47	870	104	2	4	871	1	867	0.000000e+00	1523.84
A0A2X2Q9V5_BURCE	A0A2X2Q9V5_BURCE	100.00	525	0	0	1	525	1	525	9.771554e-290	1004.20
A0A2X2Q9V5_BURCE	A0A119HUB6_BURCE	99.62	525	2	0	1	525	1	525	8.272117e-289	1001.12
A0A2X2Q9V5_BURCE	U2FT69_9BURK	99.43	525	3	0	1	525	1	525	2.406818e-288	999.58
A0A2X2Q9V5_BURCE	A0A3P0WVW3_BURCE	99.43	525	3	0	1	525	1	525	2.406818e-288	999.58
A0A2X2Q9V5_BURCE	A0A365R1M3_9BURK	99.05	525	5	0	1	525	1	525	3.475437e-287	995.73
A0A2X2Q9V5_BURCE	A0A1Z3Z3M5_BURCE	97.90	525	5	1	1	525	1	519	1.973473e-282	979.93
A0A2X2Q9V5_BURCE	A0A4S3I0V6_BURCE	97.90	525	5	1	1	525	1	519	1.973473e-282	979.93
A0A2X2Q9V5_BURCE	A0A1I0GJV8_9BURK	97.90	525	5	1	1	525	1	519	2.577435e-282	979.55
A0A2X2Q9V5_BURCE	A0A4S5D6Z0_9BURK	97.71	525	6	1	1	525	1	519	5.741927e-282	978.39
A0A2X2Q9V5_BURCE	A0A118KF68_BURCE	95.81	525	13	1	1	525	1	516	5.561508e-277	961.83
